type,code,name_km,name_en,province_code,district_code
ឃុំ,010201,បន្ទាយនាង,Banteay Neang,01,0102
ឃុំ,010202,បត់ត្រង់,Bat Trang,01,0102
ឃុំ,010203,ចំណោម,Chamnaom,01,0102
ឃុំ,010204,គោកបល្ល័ង្គ,Kouk Ballangk,01,0102
ឃុំ,010205,គយម៉ែង,Koy Maeng,01,0102
ឃុំ,010206,អូរប្រាសាទ,Ou Prasat,01,0102
ឃុំ,010207,ភ្នំតូច,Phnum Touch,01,0102
ឃុំ,010208,រហាត់ទឹក,Rohat Tuek,01,0102
ឃុំ,010209,ឫស្សីក្រោក,Ruessei Kraok,01,0102
ឃុំ,010210,សំបួរ,Sambuor,01,0102
ឃុំ,010211,សឿ,Soea,01,0102
ឃុំ,010212,ស្រះរាំង,Srah Reang,01,0102
ឃុំ,010213,តាឡំ,Ta Lam,01,0102
ឃុំ,010301,ណាំតៅ,Nam Tau,01,0103
ឃុំ,010302,ប៉ោយចារ,Poy Char,01,0103
ឃុំ,010303,ពន្លៃ,Ponley,01,0103
ឃុំ,010304,ស្ពានស្រែង,Spean Sraeng,01,0103
ឃុំ,010305,ស្រះជីក,Srah Chik,01,0103
ឃុំ,010306,ភ្នំដី,Phnum Dei,01,0103
ឃុំ,010401,ឈ្នួរមានជ័យ,Chnuor Mean Chey,01,0104
ឃុំ,010402,ជប់វារី,Chob Vari,01,0104
ឃុំ,010403,ភ្នំលៀប,Phnum Lieb,01,0104
ឃុំ,010404,ប្រាសាទ,Prasat,01,0104
ឃុំ,010405,ព្រះនេត្រព្រះ,Preak Netr Preah,01,0104
ឃុំ,010406,រហាល,Rohal,01,0104
ឃុំ,010407,ទានកាំ,Tean Kam,01,0104
ឃុំ,010408,ទឹកជោរ,Tuek Chour,01,0104
ឃុំ,010409,បុស្បូវ,Bos Sbov,01,0104
ឃុំ,010501,ចង្ហា,Changha,01,0105
ឃុំ,010502,កូប,Koub,01,0105
ឃុំ,010503,គុត្ដសត,Kuttasat,01,0105
ឃុំ,010505,សំរោង,Samraong,01,0105
ឃុំ,010506,សូភី,Souphi,01,0105
ឃុំ,010507,សឹង្ហ,Soengh,01,0105
ឃុំ,010509,អូរបីជាន់,Ou Beichoan,01,0105
សង្កាត់,010602,កំពង់ស្វាយ,Kampong Svay,01,0106
សង្កាត់,010603,កោះពងសត្វ,Kaoh Pong Satv,01,0106
សង្កាត់,010604,ម្កាក់,Mkak,01,0106
សង្កាត់,010605,អូរអំបិល,Ou Ambel,01,0106
សង្កាត់,010606,ភ្នៀត,Phniet,01,0106
សង្កាត់,010607,ព្រះពន្លា,Preah Ponlea,01,0106
សង្កាត់,010608,ទឹកថ្លា,Tuek Thla,01,0106
ឃុំ,010701,បន្ទាយឆ្មារ,Banteay Chhmar,01,0107
ឃុំ,010702,គោករមៀត,Kouk Romiet,01,0107
ឃុំ,010703,ភូមិថ្មី,Phum Thmei,01,0107
ឃុំ,010704,ថ្មពួក,Thma Puok,01,0107
ឃុំ,010705,គោកកឋិន,Kouk Kakthen,01,0107
ឃុំ,010706,គំរូ,Kumru,01,0107
ឃុំ,010801,ផ្គាំ,Phkoam,01,0108
ឃុំ,010802,សារង្គ,Sarongk,01,0108
ឃុំ,010803,ស្លក្រាម,Sla Kram,01,0108
ឃុំ,010804,ស្វាយចេក,Svay Chek,01,0108
ឃុំ,010805,តាបែន,Ta Baen,01,0108
ឃុំ,010806,តាផូ,Ta Phou,01,0108
ឃុំ,010807,ទ្រាស,Treas,01,0108
ឃុំ,010808,រលួស,Roluos,01,0108
ឃុំ,010901,បឹងបេង,Boeng Beng,01,0109
ឃុំ,010902,ម៉ាឡៃ,Malai,01,0109
ឃុំ,010903,អូរសំព័រ,Ou Sampoar,01,0109
ឃុំ,010904,អូរស្រឡៅ,Ou Sralau,01,0109
ឃុំ,010905,ទួលពង្រ,Tuol Pongro,01,0109
ឃុំ,010906,តាគង់,Ta Kong,01,0109
សង្កាត់,011001,និមិត្ដ,Nimitt,01,0110
សង្កាត់,011002,ប៉ោយប៉ែត,Paoy Paet,01,0110
សង្កាត់,011003,ផ្សារកណ្តាល,Phsar Kandal,01,0110
ឃុំ,020101,កន្ទឺ ១,Kantueu Muoy,02,0201
ឃុំ,020102,កន្ទឺ ២,Kantueu Pir,02,0201
ឃុំ,020103,បាយដំរាំ,Bay Damram,02,0201
ឃុំ,020104,ឈើទាល,Chheu Teal,02,0201
ឃុំ,020105,ចែងមានជ័យ,Chaeng Mean Chey,02,0201
ឃុំ,020106,ភ្នំសំពៅ,Phnum Sampov,02,0201
ឃុំ,020107,ស្នឹង,Snoeng,02,0201
ឃុំ,020108,តាគ្រាម,Ta Kream,02,0201
ឃុំ,020201,តាពូង,Ta Pung,02,0202
ឃុំ,020202,តាម៉ឺន,Ta Meun,02,0202
ឃុំ,020203,អូរតាគី,Ou Ta Ki,02,0202
ឃុំ,020204,ជ្រៃ,Chrey,02,0202
ឃុំ,020205,អន្លង់រុន,Anlong Run,02,0202
ឃុំ,020206,ជ្រោយស្ដៅ,Chrouy Sdau,02,0202
ឃុំ,020207,បឹងព្រីង,Boeng Pring,02,0202
ឃុំ,020208,គោកឃ្មុំ,Kouk Khmum,02,0202
ឃុំ,020209,បន្សាយត្រែង,Bansay Traeng,02,0202
ឃុំ,020210,រូងជ្រៃ,Rung Chrey,02,0202
សង្កាត់,020301,ទួលតាឯក,Tuol Ta Ek,02,0203
សង្កាត់,020302,ព្រែកព្រះស្ដេច,Prek Preah Sdach,02,0203
សង្កាត់,020303,រតនៈ,Rottanak,02,0203
សង្កាត់,020304,ចំការសំរោង,Chomkar Somraong,02,0203
សង្កាត់,020305,ស្លាកែត,Sla Ket,02,0203
សង្កាត់,020306,ក្ដុលដូនទាវ,Kdol Doun Teav,02,0203
សង្កាត់,020307,អូរម៉ាល់,OMal,02,0203
សង្កាត់,020308,វត្ដគរ,wat Kor,02,0203
សង្កាត់,020309,អូរចារ,Ou Char,02,0203
សង្កាត់,020310,ស្វាយប៉ោ,Svay Por,02,0203
ឃុំ,020401,បវេល,Bavel,02,0204
ឃុំ,020402,ខ្នាចរមាស,Khnach Romeas,02,0204
ឃុំ,020403,ល្វា,Lvea,02,0204
ឃុំ,020404,ព្រៃខ្ពស់,Prey Khpos,02,0204
ឃុំ,020405,អំពិលប្រាំដើម,Ampil Pram Daeum,02,0204
ឃុំ,020406,ក្ដុលតាហែន,Kdol Ta Haen,02,0204
ឃុំ,020407,ឃ្លាំងមាស,Khlaeng Meas,02,0204
ឃុំ,020408,បឹងប្រាំ,Boeung Pram,02,0204
ឃុំ,020501,ព្រែកនរិន្ទ,Preaek Norint,02,0205
ឃុំ,020502,សំរោងក្នុង,Samraong Knong,02,0205
ឃុំ,020503,ព្រែកខ្ពប,Preaek Khpob,02,0205
ឃុំ,020504,ព្រែកហ្លួង,Preaek Luong,02,0205
ឃុំ,020505,ពាមឯក,Peam Aek,02,0205
ឃុំ,020506,ព្រៃចាស់,Prey Chas,02,0205
ឃុំ,020507,កោះជីវាំង,Kaoh Chiveang,02,0205
ឃុំ,020601,មោង,Moung,02,0206
ឃុំ,020602,គារ,Kear,02,0206
ឃុំ,020603,ព្រៃស្វាយ,Prey Svay,02,0206
ឃុំ,020604,ឫស្សីក្រាំង,Ruessei Krang,02,0206
ឃុំ,020605,ជ្រៃ,Chrey,02,0206
ឃុំ,020606,តាលាស់,Ta Loas,02,0206
ឃុំ,020607,កកោះ,Kakaoh,02,0206
ឃុំ,020608,ព្រៃតូច,Prey Touch,02,0206
ឃុំ,020609,របស់មង្គល,Robas Mongkol,02,0206
ឃុំ,020701,ស្ដៅ,Sdau,02,0207
ឃុំ,020702,អណ្ដើកហែប,Andaeuk Haeb,02,0207
ឃុំ,020703,ផ្លូវមាស,Phlov Meas,02,0207
ឃុំ,020704,ត្រែង,Traeng,02,0207
ឃុំ,020705,រស្មីសង្ហារ,Reaksmei Songha,02,0207
ឃុំ,020801,អន្លង់វិល,Anlong Vil,02,0208
ឃុំ,020802,នរា,Norea,02,0208
ឃុំ,020803,តាប៉ុន,Ta Pon,02,0208
ឃុំ,020804,រកា,Roka,02,0208
ឃុំ,020805,កំពង់ព្រះ,Kampong Preah,02,0208
ឃុំ,020806,កំពង់ព្រៀង,Kampong Prieng,02,0208
ឃុំ,020807,រាំងកេសី,Reang Kesei,02,0208
ឃុំ,020808,អូរដំបង ១,Ou Dambang Muoy,02,0208
ឃុំ,020809,អូរដំបង ២,Ou Dambang Pir,02,0208
ឃុំ,020810,វត្ដតាមិម,Vaot Ta Muem,02,0208
ឃុំ,020901,តាតោក,Ta Taok,02,0209
ឃុំ,020902,កំពង់ល្ពៅ,Kampong Lpov,02,0209
ឃុំ,020903,អូរសំរិល,Ou Samril,02,0209
ឃុំ,020904,ស៊ុង,Sung,02,0209
ឃុំ,020905,សំឡូត,Samlout,02,0209
ឃុំ,020906,មានជ័យ,Mean Chey,02,0209
ឃុំ,020907,តាសាញ,Ta Sanh,02,0209
ឃុំ,021001,សំពៅលូន,Sampov Lun,02,0210
ឃុំ,021002,អង្គរបាន,Angkor Ban,02,0210
ឃុំ,021003,តាស្ដា,Ta Sda,02,0210
ឃុំ,021004,សន្ដិភាព,Santepheap,02,0210
ឃុំ,021005,សេរីមានជ័យ,Serei Mean Chey,02,0210
ឃុំ,021006,ជ្រៃសីមា,Chrey Seima,02,0210
ឃុំ,021101,ភ្នំព្រឹក,Phnum Proek,02,0211
ឃុំ,021102,ពេជ្រចិន្ដា,Pech Chenda,02,0211
ឃុំ,021103,បួរ,Bour,02,0211
ឃុំ,021104,បារាំងធ្លាក់,Barang Thleak,02,0211
ឃុំ,021105,អូររំដួល,Ou Rumduol,02,0211
ឃុំ,021201,កំរៀង,Kamrieng,02,0212
ឃុំ,021202,បឹងរាំង,Boeng Reang,02,0212
ឃុំ,021203,អូរដា,Ou Da,02,0212
ឃុំ,021204,ត្រាង,Trang,02,0212
ឃុំ,021205,តាសែន,Ta Saen,02,0212
ឃុំ,021206,តាក្រី,Ta Krei,02,0212
ឃុំ,021301,ធិបតី,Thipakdei,02,0213
ឃុំ,021302,គាស់ក្រឡ,Kaos Krala,02,0213
ឃុំ,021303,ហប់,Hab,02,0213
ឃុំ,021304,ព្រះផុស,Preah Phos,02,0213
ឃុំ,021305,ដូនបា,Doun Ba,02,0213
ឃុំ,021306,ឆ្នាល់មាន់,Chhnal Moan,02,0213
ឃុំ,021401,ព្រែកជីក,Preaek Chik,02,0214
ឃុំ,021402,ព្រៃត្រឡាច,Prey Tralach,02,0214
ឃុំ,021403,មុខរាហ៍,Mukh Reah,02,0214
ឃុំ,021404,ស្តុកប្រវឹក,Sdok Pravoek,02,0214
ឃុំ,021405,បាសាក់,Basak,02,0214
ឃុំ,030101,បាធាយ,Batheay,03,0301
ឃុំ,030102,ច្បារអំពៅ,Chbar Ampov,03,0301
ឃុំ,030103,ជាលា,Chealea,03,0301
ឃុំ,030104,ជើងព្រៃ,Cheung Prey,03,0301
ឃុំ,030105,មេព្រីង,Me Pring,03,0301
ឃុំ,030106,ផ្អាវ,Phav,03,0301
ឃុំ,030107,សំបូរ,Sambour,03,0301
ឃុំ,030108,សណ្ដែក,Sandaek,03,0301
ឃុំ,030109,តាំងក្រាំង,Tang Krang,03,0301
ឃុំ,030110,តាំងក្រសាំង,Tang Krasang,03,0301
ឃុំ,030111,ត្រប់,Trab,03,0301
ឃុំ,030112,ទំនប់,Tumnob,03,0301
ឃុំ,030201,បុសខ្នុរ,Bos Khnor,03,0302
ឃុំ,030202,ចំការអណ្ដូង,Chamkar Andoung,03,0302
ឃុំ,030203,ជយោ,Cheyyou,03,0302
ឃុំ,030204,ល្វាលើ,Lvea Leu,03,0302
ឃុំ,030205,ស្ពឺ,Spueu,03,0302
ឃុំ,030206,ស្វាយទាប,Svay Teab,03,0302
ឃុំ,030207,តាអុង,Ta Ong,03,0302
ឃុំ,030208,តាប្រុក,Ta Prok,03,0302
ឃុំ,030301,ខ្នុរដំបង,Khnor Dambang,03,0303
ឃុំ,030302,គោករវៀង,Kouk Rovieng,03,0303
ឃុំ,030303,ផ្ដៅជុំ,Pdau Chum,03,0303
ឃុំ,030304,ព្រៃចារ,Prey Char,03,0303
ឃុំ,030305,ព្រីងជ្រុំ,Pring Chrum,03,0303
ឃុំ,030306,សំពងជ័យ,Sampong Chey,03,0303
ឃុំ,030307,ស្ដើងជ័យ,Sdaeung Chey,03,0303
ឃុំ,030308,សូទិព្វ,Soutib,03,0303
ឃុំ,030309,ស្រម៉រ,Sramar,03,0303
ឃុំ,030310,ត្រពាំងគរ,Trapeang Kor,03,0303
សង្កាត់,030501,បឹងកុក,Boeng Kok,03,0305
សង្កាត់,030502,កំពង់ចាម,Kampong Cham,03,0305
សង្កាត់,030503,សំបួរមាស,Sambuor Meas,03,0305
សង្កាត់,030504,វាលវង់,Veal Vong,03,0305
ឃុំ,030601,អំពិល,Ampil,03,0306
ឃុំ,030602,ហាន់ជ័យ,Hanchey,03,0306
ឃុំ,030603,កៀនជ្រៃ,Kien Chrey,03,0306
ឃុំ,030604,គគរ,Kokor,03,0306
ឃុំ,030605,កោះមិត្ដ,Kaoh Mitt,03,0306
ឃុំ,030606,កោះរកា,Kaoh Roka,03,0306
ឃុំ,030607,កោះសំរោង,Kaoh Samraong,03,0306
ឃុំ,030608,កោះទន្ទឹម,Kaoh Tontuem,03,0306
ឃុំ,030609,ក្រឡា,Krala,03,0306
ឃុំ,030610,អូរស្វាយ,Ou Svay,03,0306
ឃុំ,030611,រអាង,Roang,03,0306
ឃុំ,030612,រំចេក,Rumchek,03,0306
ឃុំ,030613,ស្រក,Srak,03,0306
ឃុំ,030614,ទ្រាន,Trean,03,0306
ឃុំ,030615,វិហារធំ,Vihear Thum,03,0306
ឃុំ,030701,អង្គរបាន,Angkor Ban,03,0307
ឃុំ,030702,កងតាណឹង,Kang Ta Noeng,03,0307
ឃុំ,030703,ខ្ចៅ,Khchau,03,0307
ឃុំ,030704,ពាមជីកង,Peam Chi Kang,03,0307
ឃុំ,030705,ព្រែកកុយ,Preaek Koy,03,0307
ឃុំ,030706,ព្រែកក្របៅ,Preaek Krabau,03,0307
ឃុំ,030707,រាយប៉ាយ,Reay Pay,03,0307
ឃុំ,030708,រកាអារ,Roka Ar,03,0307
ឃុំ,030709,រកាគយ,Roka Koy,03,0307
ឃុំ,030710,ស្ដៅ,Sdau,03,0307
ឃុំ,030711,សូរគង,Sour Kong,03,0307
ឃុំ,030801,កំពង់រាប,Kampong Reab,03,0308
ឃុំ,030802,កោះសូទិន,Kaoh Sotin,03,0308
ឃុំ,030803,ល្វេ,Lve,03,0308
ឃុំ,030804,មហាលាភ,Moha Leaph,03,0308
ឃុំ,030805,មហាខ្ញូង,Moha Khnhoung,03,0308
ឃុំ,030806,ពាមប្រធ្នោះ,Peam Prathnuoh,03,0308
ឃុំ,030807,ពង្រ,Pongro,03,0308
ឃុំ,030808,ព្រែកតានង់,Preaek Ta Nong,03,0308
ឃុំ,031301,បារាយណ៍,Baray,03,0313
ឃុំ,031302,បឹងណាយ,Boeng Nay,03,0313
ឃុំ,031303,ជ្រៃវៀន,Chrey Vien,03,0313
ឃុំ,031304,ខ្វិតធំ,Khvet Thum,03,0313
ឃុំ,031305,គរ,Kor,03,0313
ឃុំ,031306,ក្រូច,Krouch,03,0313
ឃុំ,031307,ល្វា,Lvea,03,0313
ឃុំ,031308,មៀន,Mien,03,0313
ឃុំ,031309,ព្រៃឈរ,Prey Chhor,03,0313
ឃុំ,031310,សូរ្យសែន,Sour Saen,03,0313
ឃុំ,031311,សំរោង,Samraong,03,0313
ឃុំ,031312,ស្រង៉ែ,Sragnae,03,0313
ឃុំ,031313,ថ្មពូន,Thma Pun,03,0313
ឃុំ,031314,តុងរ៉ុង,Tong Rong,03,0313
ឃុំ,031315,ត្រពាំងព្រះ,Trapeang Preah,03,0313
ឃុំ,031401,បារាយណ៍,Baray,03,0314
ឃុំ,031402,ជីបាល,Chi Bal,03,0314
ឃុំ,031403,ខ្នារស,Khnar Sa,03,0314
ឃុំ,031404,កោះអណ្ដែត,Kaoh Andaet,03,0314
ឃុំ,031405,មានជ័យ,Mean Chey,03,0314
ឃុំ,031406,ផ្ទះកណ្ដាល,Phteah Kandal,03,0314
ឃុំ,031407,ប្រាំយ៉ាម,Pram Yam,03,0314
ឃុំ,031408,ព្រែកដំបូក,Preaek Dambouk,03,0314
ឃុំ,031409,ព្រែកពោធិ,Preaek Pou,03,0314
ឃុំ,031410,ព្រែករំដេង,Preaek Rumdeng,03,0314
ឃុំ,031411,ឫស្សីស្រុក,Ruessei Srok,03,0314
ឃុំ,031412,ស្វាយពោធិ,Svay Pou,03,0314
ឃុំ,031413,ស្វាយខ្សាច់ភ្នំ,Svay Khsach Phnum,03,0314
ឃុំ,031414,ទងត្រឡាច,Tong Tralach,03,0314
ឃុំ,031501,អារក្សត្នោត,Areaks Tnot,03,0315
ឃុំ,031503,ដងក្ដារ,Dang Kdar,03,0315
ឃុំ,031504,ខ្ពបតាងួន,Khpob Ta Nguon,03,0315
ឃុំ,031505,មេសរជ្រៃ,Me Sar Chrey,03,0315
ឃុំ,031506,អូរម្លូ,Ou Mlu,03,0315
ឃុំ,031507,ពាមកោះស្នា,Peam Kaoh Snar,03,0315
ឃុំ,031508,ព្រះអណ្ដូង,Preah Andoung,03,0315
ឃុំ,031509,ព្រែកបាក់,Preaek Bak,03,0315
ឃុំ,031510,ព្រែកកក់,Preak Kak,03,0315
ឃុំ,031512,សូភាស,Soupheas,03,0315
ឃុំ,031513,ទួលព្រះឃ្លាំង,Tuol Preah Khleang,03,0315
ឃុំ,031514,ទួលសំបួរ,Tuol Sambuor,03,0315
ឃុំ,040101,អញ្ចាញរូង,Anhchanh Rung,04,0401
ឃុំ,040102,ឆ្នុកទ្រូ,Chhnok Tru,04,0401
ឃុំ,040103,ចក,Chak,04,0401
ឃុំ,040104,ខុនរ៉ង,Khon Rang,04,0401
ឃុំ,040105,កំពង់ព្រះគគីរ,Kampong Preah Kokir,04,0401
ឃុំ,040106,មេលំ,Melum,04,0401
ឃុំ,040107,ផ្សារ,Phsar,04,0401
ឃុំ,040108,ពេជចង្វារ,Pech Changvar,04,0401
ឃុំ,040109,ពពេល,Popel,04,0401
ឃុំ,040110,ពន្លៃ,Ponley,04,0401
ឃុំ,040111,ត្រពាំងចាន់,Trapeang Chan,04,0401
ឃុំ,040201,ជលសា,Chol Sar,04,0402
ឃុំ,040202,កោះថ្កូវ,Kaoh Thkov,04,0402
ឃុំ,040203,កំពង់អុស,Kampong Ous,04,0402
ឃុំ,040204,ពាមឆ្កោក,Peam Chhkaok,04,0402
ឃុំ,040205,ព្រៃគ្រី,Prey Kri,04,0402
សង្កាត់,040301,ផ្សារឆ្នាំង,Phsar Chhnang,04,0403
សង្កាត់,040302,កំពង់ឆ្នាំង,Kampong Chhnang,04,0403
សង្កាត់,040303,ប្អេរ,Ber,04,0403
សង្កាត់,040304,ខ្សាម,Khsam,04,0403
ឃុំ,040401,ច្រណូក,Chranouk,04,0404
ឃុំ,040402,ដារ,Dar,04,0404
ឃុំ,040403,កំពង់ហៅ,Kampong Hau,04,0404
ឃុំ,040404,ផ្លូវទូក,Phlov Tuk,04,0404
ឃុំ,040405,ពោធិ៍,Pou,04,0404
ឃុំ,040406,ប្រឡាយមាស,Pralay Meas,04,0404
ឃុំ,040407,សំរោងសែន,Samraong Saen,04,0404
ឃុំ,040408,ស្វាយរំពារ,Svay Rumpear,04,0404
ឃុំ,040409,ត្រងិល,Trangel,04,0404
ឃុំ,040501,អំពិលទឹក,Ampil Tuek,04,0405
ឃុំ,040502,ឈូកស,Chhuk Sa,04,0405
ឃុំ,040503,ច្រេស,Chres,04,0405
ឃុំ,040504,កំពង់ត្រឡាច,Kampong Tralach,04,0405
ឃុំ,040505,លង្វែក,Longveaek,04,0405
ឃុំ,040506,អូរឫស្សី,Ou Ruessei,04,0405
ឃុំ,040507,ពានី,Peani,04,0405
ឃុំ,040508,សែប,Saeb,04,0405
ឃុំ,040509,តាជេស,Ta Ches,04,0405
ឃុំ,040510,ថ្មឥដ្ឋ,Thma Edth,04,0405
ឃុំ,040601,អណ្ដូងស្នាយ,Andoung Snay,04,0406
ឃុំ,040602,បន្ទាយព្រាល,Banteay Preal,04,0406
ឃុំ,040603,ជើងគ្រាវ,Cheung Kreav,04,0406
ឃុំ,040604,ជ្រៃបាក់,Chrey Bak,04,0406
ឃុំ,040605,គោកបន្ទាយ,Kouk Banteay,04,0406
ឃុំ,040606,ក្រាំងលាវ,Krang Leav,04,0406
ឃុំ,040607,ពង្រ,Pongro,04,0406
ឃុំ,040608,ប្រស្នឹប,Prasnoeb,04,0406
ឃុំ,040609,ព្រៃមូល,Prey Mul,04,0406
ឃុំ,040610,រលាប្អៀរ,Rolea Bier,04,0406
ឃុំ,040611,ស្រែថ្មី,Srae Thmei,04,0406
ឃុំ,040612,ស្វាយជ្រុំ,Svay Chrum,04,0406
ឃុំ,040613,ទឹកហូត,Tuek Hout,04,0406
ឃុំ,040701,ឈានឡើង,Chhean Laeung,04,0407
ឃុំ,040702,ខ្នារឆ្មារ,Khnar Chhmar,04,0407
ឃុំ,040703,ក្រាំងល្វា,Krang Lvea,04,0407
ឃុំ,040704,ពាម,Peam,04,0407
ឃុំ,040705,សេដ្ឋី,Sedthei,04,0407
ឃុំ,040706,ស្វាយ,Svay,04,0407
ឃុំ,040707,ស្វាយជុក,Svay Chuk,04,0407
ឃុំ,040708,ត្បែងខ្ពស់,Tbaeng Khpos,04,0407
ឃុំ,040709,ធ្លកវៀន,Thlok Vien,04,0407
ឃុំ,040801,អភិវឌ្ឍន៍,Akphivoadth,04,0408
ឃុំ,040802,ជៀប,Chieb,04,0408
ឃុំ,040803,ចោងម៉ោង,Chaong Maong,04,0408
ឃុំ,040804,ក្បាលទឹក,Kbal Tuek,04,0408
ឃុំ,040805,ខ្លុងពពក,Khlong Popok,04,0408
ឃុំ,040806,ក្រាំងស្គារ,Krang Skear,04,0408
ឃុំ,040807,តាំងក្រសាំង,Tang Krasang,04,0408
ឃុំ,040808,ទួលខ្ពស់,Tuol Khpos,04,0408
ឃុំ,040809,ក្តុលសែនជ័យ,Kdol Saen Chey,04,0408
ឃុំ,050101,បរសេដ្ឋ,Basedth,05,0501
ឃុំ,050102,កាត់ភ្លុក,Kat Phluk,05,0501
ឃុំ,050103,និទាន,Nitean,05,0501
ឃុំ,050104,ភក្ដី,Pheakdei,05,0501
ឃុំ,050105,ភារីមានជ័យ,Pheari Mean Chey,05,0501
ឃុំ,050106,ផុង,Phong,05,0501
ឃុំ,050107,ពោធិអង្ក្រង,Pou Angkrang,05,0501
ឃុំ,050108,ពោធិ៍ចំរើន,Pou Chamraeun,05,0501
ឃុំ,050109,ពោធិ៍ម្រាល,Pou Mreal,05,0501
ឃុំ,050110,ស្វាយចចិប,Svay Chacheb,05,0501
ឃុំ,050111,ទួលអំពិល,Tuol Ampil,05,0501
ឃុំ,050112,ទួលសាលា,Tuol Sala,05,0501
ឃុំ,050113,កក់,Kak,05,0501
ឃុំ,050114,ស្វាយរំពារ,Svay Rumpear,05,0501
ឃុំ,050115,ព្រះខែ,Preah Khae,05,0501
សង្កាត់,050201,ច្បារមន,Chbar Mon,05,0502
សង្កាត់,050202,កណ្ដោលដុំ,Kandaol Dom,05,0502
សង្កាត់,050203,រការធំ,Rokar Thum,05,0502
សង្កាត់,050204,សុព័រទេព,Sopoar Tep,05,0502
សង្កាត់,050205,ស្វាយក្រវ៉ាន់,Svay Kravan,05,0502
ឃុំ,050301,អង្គពពេល,Angk Popel,05,0503
ឃុំ,050302,ជង្រុក,Chongruk,05,0503
ឃុំ,050303,មហាឫស្សី,Moha Ruessei,05,0503
ឃុំ,050304,ពេជ្រមុនី,Pechr Muni,05,0503
ឃុំ,050305,ព្រះនិព្វាន,Preah Nipean,05,0503
ឃុំ,050306,ព្រៃញាតិ,Prey Nheat,05,0503
ឃុំ,050307,ព្រៃវិហារ,Prey Vihear,05,0503
ឃុំ,050308,រកាកោះ,Roka Kaoh,05,0503
ឃុំ,050309,ស្ដុក,Sdok,05,0503
ឃុំ,050310,ស្នំក្រពើ,Snam Krapeu,05,0503
ឃុំ,050311,ស្រង់,Srang,05,0503
ឃុំ,050312,ទឹកល្អក់,Tuek Lak,05,0503
ឃុំ,050313,វាល,Veal,05,0503
ឃុំ,050401,ហោងសំណំ,Haong Samnam,05,0504
ឃុំ,050402,រស្មីសាមគ្គី,Reaksmei Sameakki,05,0504
ឃុំ,050403,ត្រពាំងជោ,Trapeang Chour,05,0504
ឃុំ,050404,សង្កែសាទប,Sangkae Satob,05,0504
ឃុំ,050405,តាសាល,Ta Sal,05,0504
ឃុំ,050501,ចាន់សែន,Chan Saen,05,0505
ឃុំ,050502,ជើងរាស់,Cheung Roas,05,0505
ឃុំ,050503,ជំពូព្រឹក្ស,Chumpu Proeks,05,0505
ឃុំ,050504,ក្សេមក្សាន្ដ,Khsem Khsant,05,0505
ឃុំ,050505,ក្រាំងចេក,Krang Chek,05,0505
ឃុំ,050506,មានជ័យ,Mean Chey,05,0505
ឃុំ,050507,ព្រះស្រែ,Preah Srae,05,0505
ឃុំ,050508,ព្រៃក្រសាំង,Prey Krasang,05,0505
ឃុំ,050509,ត្រាចទង,Trach Tong,05,0505
ឃុំ,050510,វាលពង់,Veal Pong,05,0505
ឃុំ,050511,វាំងចាស់,Veang Chas,05,0505
ឃុំ,050512,យុទ្ធសាមគ្គី,Yutth Sameakki,05,0505
ឃុំ,050513,ដំណាក់រាំង,Damnak Reang,05,0505
ឃុំ,050514,ពាំងល្វា,Peang Lvea,05,0505
ឃុំ,050515,ភ្នំតូច,Phnom Touch,05,0505
ឃុំ,050601,ចំបក់,Chambak,05,0506
ឃុំ,050602,ជាំសង្កែ,Choam Sangkae,05,0506
ឃុំ,050603,ដំបូករូង,Dambouk Rung,05,0506
ឃុំ,050604,គិរីវន្ដ,Kiri Voan,05,0506
ឃុំ,050605,ក្រាំងដីវ៉ាយ,Krang Dei Vay,05,0506
ឃុំ,050606,មហាសាំង,Moha Sang,05,0506
ឃុំ,050607,អូរ,Ou,05,0506
ឃុំ,050608,ព្រៃរំដួល,Prey Rumduol,05,0506
ឃុំ,050609,ព្រៃក្មេង,Prey Kmeng,05,0506
ឃុំ,050610,តាំងសំរោង,Tang Samraong,05,0506
ឃុំ,050611,តាំងស្យា,Tang Sya,05,0506
ឃុំ,050613,ត្រែងត្រយឹង,Traeng Trayueng,05,0506
ឃុំ,050701,រលាំងចក,Roleang Chak,05,0507
ឃុំ,050702,កាហែង,Kahaeng,05,0507
ឃុំ,050703,ខ្ទុំក្រាំង,Khtum Krang,05,0507
ឃុំ,050704,ក្រាំងអំពិល,Krang Ampil,05,0507
ឃុំ,050705,ព្នាយ,Pneay,05,0507
ឃុំ,050706,រលាំងគ្រើល,Roleang Kreul,05,0507
ឃុំ,050707,សំរោងទង,Samrong Tong,05,0507
ឃុំ,050708,សំបូរ,Sambour,05,0507
ឃុំ,050709,សែងដី,Saen Dei,05,0507
ឃុំ,050710,ស្គុះ,Skuh,05,0507
ឃុំ,050711,តាំងក្រូច,Tang Krouch,05,0507
ឃុំ,050712,ធម្មតាអរ,Thummoda Ar,05,0507
ឃុំ,050713,ត្រពាំងគង,Trapeang Kong,05,0507
ឃុំ,050714,ទំព័រមាស,Tumpoar Meas,05,0507
ឃុំ,050715,វល្លិសរ,Voa Sar,05,0507
ឃុំ,050801,អមលាំង,Amleang,05,0508
ឃុំ,050802,មនោរម្យ,Monourom,05,0508
ឃុំ,050804,ប្រាំបីមុម,Prambei Mum,05,0508
ឃុំ,050805,រុងរឿង,Rung Roeang,05,0508
ឃុំ,050806,ទ័ពមាន,Toap Mean,05,0508
ឃុំ,050807,វាលពន់,Veal Pon,05,0508
ឃុំ,050808,យាអង្គ,Yea Angk,05,0508
ឃុំ,060101,បាក់ស្នា,Bak Sna,06,0601
ឃុំ,060102,បល្ល័ង្គ,Ballangk,06,0601
ឃុំ,060103,បារាយណ៍,Baray,06,0601
ឃុំ,060104,បឹង,Boeng,06,0601
ឃុំ,060105,ចើងដើង,Chaeung Daeung,06,0601
ឃុំ,060107,ឈូកខ្សាច់,Chhuk Khsach,06,0601
ឃុំ,060108,ចុងដូង,Chong Doung,06,0601
ឃុំ,060110,គគីធំ,Kokir Thum,06,0601
ឃុំ,060111,ក្រវ៉ា,Krava,06,0601
ឃុំ,060117,ត្នោតជុំ,Tnaot Chum,06,0601
ឃុំ,060201,ជ័យ,Chey,06,0602
ឃុំ,060202,ដំរីស្លាប់,Damrei Slab,06,0602
ឃុំ,060203,កំពង់គោ,Kampong Kou,06,0602
ឃុំ,060204,កំពង់ស្វាយ,Kampong Svay,06,0602
ឃុំ,060205,នីពេជ,Nipech,06,0602
ឃុំ,060206,ផាត់សណ្ដាយ,Phat Sanday,06,0602
ឃុំ,060207,សាន់គ,San Kor,06,0602
ឃុំ,060208,ត្បែង,Tbaeng,06,0602
ឃុំ,060209,ត្រពាំងឫស្សី,Trapeang Ruessei,06,0602
ឃុំ,060210,ក្ដីដូង,Kdei Doung,06,0602
ឃុំ,060211,ព្រៃគុយ,Prey Kuy,06,0602
សង្កាត់,060301,ដំរីជាន់ខ្លា,Damrei Choan Khla,06,0603
សង្កាត់,060302,កំពង់ធំ,Kampong Thum,06,0603
សង្កាត់,060303,កំពង់រទេះ,Kampong Roteh,06,0603
សង្កាត់,060304,អូរកន្ធរ,Ou Kanthor,06,0603
សង្កាត់,060306,កំពង់ក្របៅ,Kampong Krabau,06,0603
សង្កាត់,060308,ព្រៃតាហ៊ូ,Prey Ta Hu,06,0603
សង្កាត់,060309,អាចារ្យលាក់,Achar Leak,06,0603
សង្កាត់,060310,ស្រយ៉ូវ,Srayov,06,0603
ឃុំ,060401,ដូង,Doung,06,0604
ឃុំ,060402,ក្រយា,Kraya,06,0604
ឃុំ,060403,ផាន់ញើម,Phan Nheum,06,0604
ឃុំ,060404,សាគ្រាម,Sakream,06,0604
ឃុំ,060405,សាលាវិស័យ,Sala Visai,06,0604
ឃុំ,060406,សាមគ្គី,Sameakki,06,0604
ឃុំ,060407,ទួលគ្រើល,Tuol Kreul,06,0604
ឃុំ,060501,ឈូក,Chhuk,06,0605
ឃុំ,060502,គោល,Koul,06,0605
ឃុំ,060503,សំបូរណ៍,Sambour,06,0605
ឃុំ,060504,ស្រើង,Sraeung,06,0605
ឃុំ,060505,តាំងក្រសៅ,Tang Krasau,06,0605
ឃុំ,060601,ឈើទាល,Chheu Teal,06,0606
ឃុំ,060602,ដងកាំបិត,Dang Kambet,06,0606
ឃុំ,060603,ក្លែង,Klaeng,06,0606
ឃុំ,060604,មានរិទ្ធ,Mean Rith,06,0606
ឃុំ,060605,មានជ័យ,Mean Chey,06,0606
ឃុំ,060606,ងន,Ngan,06,0606
ឃុំ,060607,សណ្ដាន់,Sandan,06,0606
ឃុំ,060608,សុចិត្រ,Sochet,06,0606
ឃុំ,060609,ទំរីង,Tum Ring,06,0606
ឃុំ,060701,បឹងល្វា,Boeng Lvea,06,0607
ឃុំ,060702,ជ្រាប់,Chroab,06,0607
ឃុំ,060703,កំពង់ថ្ម,Kampong Thma,06,0607
ឃុំ,060704,កកោះ,Kakaoh,06,0607
ឃុំ,060705,ក្រយា,Kraya,06,0607
ឃុំ,060706,ព្នៅ,Pnov,06,0607
ឃុំ,060707,ប្រាសាទ,Prasat,06,0607
ឃុំ,060708,តាំងក្រសាំង,Tang Krasang,06,0607
ឃុំ,060709,ទីពោ,Ti Pou,06,0607
ឃុំ,060710,ត្បូងក្រពើ,Tboung Krapeu,06,0607
ឃុំ,060801,បន្ទាយស្ទោង,Banteay Stoung,06,0608
ឃុំ,060802,ចំណាក្រោម,Chamna Kraom,06,0608
ឃុំ,060803,ចំណាលើ,Chamna Leu,06,0608
ឃុំ,060804,កំពង់ចិនជើង,Kampong Chen Cheung,06,0608
ឃុំ,060805,កំពង់ចិនត្បូង,Kampong Chen Tboung,06,0608
ឃុំ,060806,ម្សាក្រង,Msa Krang,06,0608
ឃុំ,060807,ពាមបាង,Peam Bang,06,0608
ឃុំ,060808,ពពក,Popok,06,0608
ឃុំ,060809,ប្រឡាយ,Pralay,06,0608
ឃុំ,060810,ព្រះដំរី,Preah Damrei,06,0608
ឃុំ,060811,រុងរឿង,Rung Roeang,06,0608
ឃុំ,060812,សំព្រោជ,Samprouch,06,0608
ឃុំ,060813,ទ្រា,Trea,06,0608
ឃុំ,060901,ពង្រ,Pongro,06,0609
ឃុំ,060902,ច្រនាង,Chraneang,06,0609
ឃុំ,060903,ជ្រលង,Chrolong,06,0609
ឃុំ,060904,ទ្រៀល,Triel,06,0609
ឃុំ,060905,សូយោង,Sou Young,06,0609
ឃុំ,060906,ស្រឡៅ,Sralau,06,0609
ឃុំ,060907,ស្វាយភ្លើង,Svay Phleung,06,0609
ឃុំ,060908,អណ្ដូងពោធិ៍,Andoung Pou,06,0609
ឃុំ,070101,អង្គភ្នំតូច,Angk Phnum Touch,07,0701
ឃុំ,070102,អង្គរជ័យ,Ankor Chey,07,0701
ឃុំ,070103,ចំប៉ី,Champei,07,0701
ឃុំ,070104,ដំបូកខ្ពស់,Dambouk Khpos,07,0701
ឃុំ,070105,ដានគោម,Dan Koum,07,0701
ឃុំ,070106,ដើមដូង,Daeum Doung,07,0701
ឃុំ,070107,ម្រោម,Mroum,07,0701
ឃុំ,070108,ភ្នំកុង,Phnum Kong,07,0701
ឃុំ,070109,ប្រភ្នំ,Praphnum,07,0701
ឃុំ,070110,សំឡាញ,Samlanh,07,0701
ឃុំ,070111,តានី,Tani,07,0701
ឃុំ,070201,បន្ទាយមាសខាងកើត,Banteay Meas Khang Kaeut,07,0702
ឃុំ,070202,បន្ទាយមាសខាងលិច,Banteay Meas Khang lech,07,0702
ឃុំ,070203,ព្រៃទន្លេ,Prey Tonle,07,0702
ឃុំ,070204,សំរោងក្រោម,Samraong Kraom,07,0702
ឃុំ,070205,សំរោងលើ,Samraong Leu,07,0702
ឃុំ,070206,ស្ដេចគង់ខាងជើង,Sdach Kong Khang Cheung,07,0702
ឃុំ,070207,ស្ដេចគង់ខាងលិច,Sdach Kong Khang lech,07,0702
ឃុំ,070208,ស្ដេចគង់ខាងត្បូង,Sdach Kong Khang Tboung,07,0702
ឃុំ,070209,ត្នោតចុងស្រង់,Tnoat Chong Srang,07,0702
ឃុំ,070210,ត្រពាំងសាលាខាងកើត,Trapeang Sala Khang Kaeut,07,0702
ឃុំ,070211,ត្រពាំងសាលាខាងលិច,Trapeang Sala Khang Lech,07,0702
ឃុំ,070212,ទូកមាសខាងកើត,Tuk Meas Khang Kaeut,07,0702
ឃុំ,070213,ទូកមាសខាងលិច,Tuk Meas Khang Lech,07,0702
ឃុំ,070214,វត្ដអង្គខាងជើង,Voat Angk Khang Cheung,07,0702
ឃុំ,070215,វត្ដអង្គខាងត្បូង,Voat Angk Khang Tboung,07,0702
ឃុំ,070301,បានៀវ,Baniev,07,0703
ឃុំ,070302,តាកែន,Takaen,07,0703
ឃុំ,070303,បឹងនិមល,Boeng Nimol,07,0703
ឃុំ,070304,ឈូក,Chhuk,07,0703
ឃុំ,070305,ដូនយ៉យ,Doun Yay,07,0703
ឃុំ,070306,ក្រាំងស្បូវ,Krang Sbov,07,0703
ឃុំ,070307,ក្រាំងស្នាយ,Krang Snay,07,0703
ឃុំ,070308,ល្បើក,Lbaeuk,07,0703
ឃុំ,070309,ត្រពាំងភ្លាំង,Trapeang Phleang,07,0703
ឃុំ,070310,មានជ័យ,Mean Chey,07,0703
ឃុំ,070311,នារាយណ៍,Neareay,07,0703
ឃុំ,070312,សត្វពង,Satv Pong,07,0703
ឃុំ,070313,ត្រពាំងបី,Trapeang Bei,07,0703
ឃុំ,070314,ត្រមែង,Tramaeng,07,0703
ឃុំ,070315,តេជោអភិវឌ្ឍន៍,Dechou Akphivoadth,07,0703
ឃុំ,070401,ច្រេស,Chres,07,0704
ឃុំ,070402,ជំពូវន្ដ,Chumpu Voan,07,0704
ឃុំ,070403,ស្នាយអញ្ជិត,Snay Anhchit,07,0704
ឃុំ,070404,ស្រែចែង,Srae Chaeng,07,0704
ឃុំ,070405,ស្រែក្នុង,Srae Knong,07,0704
ឃុំ,070406,ស្រែសំរោង,Srae Samraong,07,0704
ឃុំ,070407,ត្រពាំងរាំង,Trapeang Reang,07,0704
ឃុំ,070501,ដំណាក់សុក្រំ,Damnak Sokram,07,0705
ឃុំ,070502,ដងទង់,Dang Tong,07,0705
ឃុំ,070503,ឃ្ជាយខាងជើង,Khcheay Khang Cheung,07,0705
ឃុំ,070504,ខ្ជាយខាងត្បូង,Khcheay Khang Tboung,07,0705
ឃុំ,070505,មានរិទ្ធិ,Mean Ritth,07,0705
ឃុំ,070506,ស្រែជាខាងជើង,Srae Chea Khang Cheung,07,0705
ឃុំ,070507,ស្រែជាខាងត្បូង,Srae Chea Khang Tboung,07,0705
ឃុំ,070508,ទទុង,Totung,07,0705
ឃុំ,070509,អង្គ រមាស,Angk  Romeas,07,0705
ឃុំ,070510,ល្អាង,Lang,07,0705
ឃុំ,070601,បឹងសាលាខាងជើង,Boeng Sala Khang Cheung,07,0706
ឃុំ,070602,បឹងសាលាខាងត្បូង,Boeng Sala Khang Tboung,07,0706
ឃុំ,070603,ដំណាក់កន្ទួតខាងជើង,Damnak Kantuot Khang Cheung,07,0706
ឃុំ,070604,ដំណាក់កន្ទួតខាងត្បូង,Damnak Kantuot Khang Tboung,07,0706
ឃុំ,070605,កំពង់ត្រាចខាងកើត,Kampong Trach Khang Kaeut,07,0706
ឃុំ,070606,កំពង់ត្រាចខាងលិច,Kampong Trach Khang Lech,07,0706
ឃុំ,070607,ប្រាសាទភ្នំខ្យង,Prasat Phnom Khyang,07,0706
ឃុំ,070608,ភ្នំប្រាសាទ,Phnom Prasat,07,0706
ឃុំ,070609,អង្គសុរភី,Ang Sophy,07,0706
ឃុំ,070612,ព្រែកក្រឹស,Preaek Kroes,07,0706
ឃុំ,070613,ឫស្សីស្រុកខាងកើត,Ruessei Srok Khang Kaeut,07,0706
ឃុំ,070614,ឫស្សីស្រុកខាងលិច,Ruessei Srok Khang Lech,07,0706
ឃុំ,070615,ស្វាយទងខាងជើង,Svay Tong Khang Cheung,07,0706
ឃុំ,070616,ស្វាយទងខាងត្បូង,Svay Tong Khang Tboung,07,0706
ឃុំ,070701,បឹងទូក,Boeng Tuk,07,0707
ឃុំ,070702,ជុំគ្រៀល,Chum Kriel,07,0707
ឃុំ,070703,កំពង់ក្រែង,Kampong Kraeng,07,0707
ឃុំ,070704,កំពង់សំរោង,Kampong Samraong,07,0707
ឃុំ,070705,កណ្ដោល,Kandaol,07,0707
ឃុំ,070707,កោះតូច,Kaoh Touch,07,0707
ឃុំ,070708,កូនសត្វ,Koun Satv,07,0707
ឃុំ,070709,ម៉ាក់ប្រាង្គ,Makprang,07,0707
ឃុំ,070711,ព្រែកត្នោត,Preaek Tnoat,07,0707
ឃុំ,070712,ព្រៃឃ្មុំ,Prey Khmum,07,0707
ឃុំ,070713,ព្រៃថ្នង,Prey Thnang,07,0707
ឃុំ,070715,ស្ទឹងកែវ,Stueng Kaev,07,0707
ឃុំ,070716,ថ្មី,Thmei,07,0707
ឃុំ,070717,ត្រពាំងព្រីង,Trapeang Pring,07,0707
ឃុំ,070718,ត្រពាំងសង្កែ,Trapeang Sangkae,07,0707
ឃុំ,070719,ត្រពាំងធំ,Trapeang Thum,07,0707
សង្កាត់,070801,កំពង់កណ្ដាល,Kampong Kandal,07,0708
សង្កាត់,070802,ក្រាំងអំពិល,Krang Ampil,07,0708
សង្កាត់,070803,កំពង់បាយ,Kampong Bay,07,0708
សង្កាត់,070804,អណ្ដូងខ្មែរ,Andoung Khmer,07,0708
សង្កាត់,070805,ត្រើយកោះ,Traeuy Kaoh,07,0708
ឃុំ,080101,អំពៅព្រៃ,Ampov Prey,08,0801
ឃុំ,080102,អន្លង់រមៀត,Anlong Romiet,08,0801
ឃុំ,080103,បារគូ,Barku,08,0801
ឃុំ,080104,បឹងខ្យាង,Boeng Khyang,08,0801
ឃុំ,080105,ជើងកើប,Cheung Kaeub,08,0801
ឃុំ,080106,ដើមឫស,Daeum Rues,08,0801
ឃុំ,080107,កណ្ដោក,Kandaok,08,0801
ឃុំ,080108,ថ្មី,Thmei,08,0801
ឃុំ,080109,គោកត្រប់,Kouk Trab,08,0801
ឃុំ,080113,ព្រះពុទ្ធ,Preah Putth,08,0801
ឃុំ,080115,ព្រែករកា,Preaek Roka,08,0801
ឃុំ,080116,ព្រែកស្លែង,Preaek Slaeng,08,0801
ឃុំ,080117,រកា,Roka,08,0801
ឃុំ,080118,រលាំងកែន,Roleang Kaen,08,0801
ឃុំ,080122,សៀមរាប,Siem Reab,08,0801
ឃុំ,080125,ត្បែង,Tbaeng,08,0801
ឃុំ,080127,ត្រពាំងវែង,Trapeang Veaeng,08,0801
ឃុំ,080128,ទ្រា,Trea,08,0801
ឃុំ,080201,បន្ទាយដែក,Banteay Daek,08,0802
ឃុំ,080202,ឈើទាល,Chheu Teal,08,0802
ឃុំ,080203,ដីឥដ្ឋ,Dei Edth,08,0802
ឃុំ,080204,កំពង់ស្វាយ,Kampong Svay,08,0802
ឃុំ,080206,គគីរ,Kokir,08,0802
ឃុំ,080207,គគីរធំ,Kokir Thum,08,0802
ឃុំ,080208,ភូមិធំ,Phum Thum,08,0802
ឃុំ,080211,សំរោងធំ,Samraong Thum,08,0802
ឃុំ,080301,បាក់ដាវ,Bak Dav,08,0803
ឃុំ,080302,ជ័យធំ,Chey Thum,08,0803
ឃុំ,080303,កំពង់ចំលង,Kampong Chamlang,08,0803
ឃុំ,080304,កោះចូរ៉ាម,Kaoh Chouram,08,0803
ឃុំ,080305,កោះឧកញ៉ាតី,Kaoh Oknha Tei,08,0803
ឃុំ,080306,ព្រះប្រសប់,Preah Prasab,08,0803
ឃុំ,080307,ព្រែកអំពិល,Preaek Ampil,08,0803
ឃុំ,080308,ព្រែកលួង,Preaek Luong,08,0803
ឃុំ,080309,ព្រែកតាកូវ,Preaek Ta kov,08,0803
ឃុំ,080310,ព្រែកតាមាក់,Preaek Ta Meak,08,0803
ឃុំ,080311,ពុកឫស្សី,Puk Ruessei,08,0803
ឃុំ,080312,រកាជន្លឹង,Roka Chonlueng,08,0803
ឃុំ,080313,សន្លុង,Sanlung,08,0803
ឃុំ,080314,ស៊ីធរ,Sithor,08,0803
ឃុំ,080315,ស្វាយជ្រំ,Svay Chrum,08,0803
ឃុំ,080316,ស្វាយរមៀត,Svay Romiet,08,0803
ឃុំ,080317,តាឯក,Ta Aek,08,0803
ឃុំ,080318,វិហារសួគ៌,Vihear Suork,08,0803
ឃុំ,080401,ឈើខ្មៅ,Chheu Kmau,08,0804
ឃុំ,080402,ជ្រោយតាកែវ,Chrouy Ta Kaev,08,0804
ឃុំ,080403,កំពង់កុង,Kampong Kong,08,0804
ឃុំ,080404,កោះធំ ‹ក›,Kaoh Thum Ka,08,0804
ឃុំ,080405,កោះធំ ‹ខ›,Kaoh Thum Kha,08,0804
ឃុំ,080407,លើកដែក,Leuk Daek,08,0804
ឃុំ,080408,ពោធិ៍បាន,Pouthi Ban,08,0804
ឃុំ,080409,ព្រែកជ្រៃ,Prea​ek Chrey,08,0804
ឃុំ,080410,ព្រែកស្ដី,Preaek Sdei,08,0804
ឃុំ,080411,ព្រែកថ្មី,Preaek Thmei,08,0804
ឃុំ,080412,សំពៅពូន,Sampeou Poun,08,0804
ឃុំ,080501,កំពង់ភ្នំ,Kampong Phnum,08,0805
ឃុំ,080502,ក្អមសំណរ,Kam Samnar,08,0805
ឃុំ,080503,ខ្ពបអាទាវ,Khpob Ateav,08,0805
ឃុំ,080504,ពាមរាំង,Peam Reang,08,0805
ឃុំ,080505,ព្រែកដាច់,Preaek Dach,08,0805
ឃុំ,080506,ព្រែកទន្លាប់,Preaek Tonloab,08,0805
ឃុំ,080507,សណ្ដារ,Sandar,08,0805
ឃុំ,080601,អរិយក្សត្រ,Akreiy Ksatr,08,0806
ឃុំ,080602,បារុង,Barong,08,0806
ឃុំ,080603,បឹងគ្រំ,Boeng Krum,08,0806
ឃុំ,080604,កោះកែវ,Kaoh Kaev,08,0806
ឃុំ,080605,កោះរះ,Kaoh Reah,08,0806
ឃុំ,080606,ល្វាសរ,Lvea Sar,08,0806
ឃុំ,080607,ពាមឧកញ៉ាអុង,Peam Oknha Ong,08,0806
ឃុំ,080608,ភូមិធំ,Phum Thum,08,0806
ឃុំ,080609,ព្រែកក្មេង,Preaek Kmeng,08,0806
ឃុំ,080610,ព្រែករៃ,Preaek Rey,08,0806
ឃុំ,080611,ព្រែកឫស្សី,Preaek Ruessei,08,0806
ឃុំ,080612,សំបួរ,Sambuor,08,0806
ឃុំ,080613,សារិកាកែវ,Sarikakaev,08,0806
ឃុំ,080614,ថ្មគរ,Thma Kor,08,0806
ឃុំ,080615,ទឹកឃ្លាំង,Tuek Khleang,08,0806
ឃុំ,080703,ព្រែកអញ្ចាញ,Preaek Anhchanh,08,0807
ឃុំ,080704,ព្រែកដំបង,Preaek Dambang,08,0807
ឃុំ,080707,រកាកោង ទី ១,Roka Kong Ti Muoy,08,0807
ឃុំ,080708,រកាកោង ទី ២,Roka Kong Ti Pir,08,0807
ឃុំ,080709,ឫស្សីជ្រោយ,Ruessei Chrouy,08,0807
ឃុំ,080710,សំបួរមាស,Sambuor Meas,08,0807
ឃុំ,080711,ស្វាយអំពារ,Svay Ampear,08,0807
ឃុំ,080801,បែកចាន,Baek Chan,08,0808
ឃុំ,080803,ឆក់ឈើនាង,Chhak Chheu Neang,08,0808
ឃុំ,080804,ដំណាក់អំពិល,Damnak Ampil,08,0808
ឃុំ,080807,ក្រាំងម្កាក់,Krang Mkak,08,0808
ឃុំ,080808,លំហាច,Lumhach,08,0808
ឃុំ,080809,ម្កាក់,Mkak,08,0808
ឃុំ,080811,ពើក,Peuk,08,0808
ឃុំ,080813,ព្រៃពួច,Prey Puoch,08,0808
ឃុំ,080814,សំរោងលើ,Samraong Leu,08,0808
ឃុំ,080816,ទួលព្រេជ,Tuol Prech,08,0808
ឃុំ,080901,ឈ្វាំង,Chhveang,08,0809
ឃុំ,080902,ជ្រៃលាស់,Chrey Loas,08,0809
ឃុំ,080903,កំពង់ហ្លួង,Kampong Luong,08,0809
ឃុំ,080904,កំពង់អុស,Kampong Os,08,0809
ឃុំ,080905,កោះចិន,Kaoh Chen,08,0809
ឃុំ,080906,ភ្នំបាត,Phnum Bat,08,0809
ឃុំ,080907,ពញាឮ,Ponhea Lueu,08,0809
ឃុំ,080910,ព្រែកតាទែន,Preaek Ta Teaen,08,0809
ឃុំ,080911,ផ្សារដែក,Phsar Daek,08,0809
ឃុំ,080913,ទំនប់ធំ,Tumnob Thum,08,0809
ឃុំ,080914,វិហារហ្លួង,Vihear Luong,08,0809
ឃុំ,081001,ខ្ពប,Khpob,08,0810
ឃុំ,081003,កោះខែល,Kaoh Khael,08,0810
ឃុំ,081004,កោះខ្សាច់ទន្លា,Kaoh Khsach Tonlea,08,0810
ឃុំ,081005,ក្រាំងយ៉ូវ,Krang Yov,08,0810
ឃុំ,081006,ប្រាសាទ,Prasat,08,0810
ឃុំ,081007,ព្រែកអំបិល,Preaek Ambel,08,0810
ឃុំ,081008,ព្រែកគយ,Preaek Koy,08,0810
ឃុំ,081010,ស្អាងភ្នំ,Sang Phnum,08,0810
ឃុំ,081012,ស្វាយប្រទាល,Svay Prateal,08,0810
ឃុំ,081014,តាលន់,Ta Lon,08,0810
ឃុំ,081015,ត្រើយស្លា,Traeuy Sla,08,0810
ឃុំ,081016,ទឹកវិល,Tuek Vil,08,0810
សង្កាត់,081101,តាក្ដុល,Ta Kdol,08,0811
សង្កាត់,081102,ព្រែកឫស្សី,Prek Ruessey,08,0811
សង្កាត់,081103,ដើមមៀន,Doeum Mien,08,0811
សង្កាត់,081104,តាខ្មៅ,Ta Khmao,08,0811
សង្កាត់,081105,ព្រែកហូរ,Prek Ho,08,0811
សង្កាត់,081106,កំពង់សំណាញ់,Kampong Samnanh,08,0811
សង្កាត់,081107,ស្វាយរលំ,Svay Rolum,08,0811
សង្កាត់,081108,កោះអន្លង់ចិន,Kaoh Anlong Chen,08,0811
សង្កាត់,081109,សិត្បូ,Setbou,08,0811
សង្កាត់,081110,រកាខ្ពស់,Roka Khpos,08,0811
ឃុំ,090101,អណ្ដូងទឹក,Andoung Tuek,09,0901
ឃុំ,090102,កណ្ដោល,Kandaol,09,0901
ឃុំ,090103,តានូន,Ta Noun,09,0901
ឃុំ,090104,ថ្មស,Thma Sa,09,0901
ឃុំ,090201,កោះស្ដេច,Kaoh Sdach,09,0902
ឃុំ,090202,ភ្ញីមាស,Phnhi Meas,09,0902
ឃុំ,090203,ព្រែកខ្សាច់,Preaek Khsach,09,0902
ឃុំ,090301,ជ្រោយប្រស់,Chrouy Pras,09,0903
ឃុំ,090302,កោះកាពិ,Kaoh Kapi,09,0903
ឃុំ,090303,តាតៃក្រោម,Ta Tai Kraom,09,0903
ឃុំ,090304,ត្រពាំងរូង,Trapeang Rung,09,0903
សង្កាត់,090401,ស្មាច់មានជ័យ,Smach Mean Chey,09,0904
សង្កាត់,090402,ដងទង់,Dang Tong,09,0904
សង្កាត់,090403,ស្ទឹងវែង,Stueng Veaeng,09,0904
ឃុំ,090501,ប៉ាក់ខ្លង,Pak Khlang,09,0905
ឃុំ,090502,ពាមក្រសោប,Peam Krasaob,09,0905
ឃុំ,090503,ទួលគគីរ,Tuol Kokir,09,0905
ឃុំ,090601,បឹងព្រាវ,Boeng Preav,09,0906
ឃុំ,090602,ជី ខ ក្រោម,Chi Kha Kraom,09,0906
ឃុំ,090603,ជី ខ លើ,Chi kha Leu,09,0906
ឃុំ,090604,ជ្រោយស្វាយ,Chrouy Svay,09,0906
ឃុំ,090605,ដងពែង,Dang Peaeng,09,0906
ឃុំ,090606,ស្រែអំបិល,Srae Ambel,09,0906
ឃុំ,090701,តាទៃលើ,Ta Tey Leu,09,0907
ឃុំ,090702,ប្រឡាយ,Pralay,09,0907
ឃុំ,090703,ជំនាប់,Chumnoab,09,0907
ឃុំ,090704,ឫស្សីជ្រុំ,Ruessei Chrum,09,0907
ឃុំ,090705,ជីផាត,Chi Phat,09,0907
ឃុំ,090706,ថ្មដូនពៅ,Thma Doun Pov,09,0907
ឃុំ,100101,ឆ្លូង,Chhloung,10,1001
ឃុំ,100102,ដំរីផុង,Damrei Phong,10,1001
ឃុំ,100103,ហាន់ជ័យ,Han Chey,10,1001
ឃុំ,100104,កំពង់ដំរី,Kampong Damrei,10,1001
ឃុំ,100105,កញ្ជរ,Kanhchor,10,1001
ឃុំ,100106,ខ្សាច់អណ្ដែត,Khsach Andeth,10,1001
ឃុំ,100107,ពង្រ,Pongro,10,1001
ឃុំ,100108,ព្រែកសាម៉ាន់,Preaek Saman,10,1001
សង្កាត់,100207,កោះទ្រង់,Kaoh Trong,10,1002
សង្កាត់,100208,ក្រគរ,Krakor,10,1002
សង្កាត់,100209,ក្រចេះ,Kracheh,10,1002
សង្កាត់,100210,អូរឫស្សី,Ou Ruessei,10,1002
សង្កាត់,100211,រកាកណ្ដាល,Roka Kandal,10,1002
ឃុំ,100301,ចំបក់,Chambâk,10,1003
ឃុំ,100302,ជ្រោយបន្ទាយ,Chrouy Banteay,10,1003
ឃុំ,100303,កំពង់គរ,Kampong Kor,10,1003
ឃុំ,100304,កោះតាស៊ុយ,Koh Ta Suy,10,1003
ឃុំ,100305,ព្រែកប្រសព្វ,Preaek Prasab,10,1003
ឃុំ,100306,ឫស្សីកែវ,Russey Keo,10,1003
ឃុំ,100307,សោប,Saob,10,1003
ឃុំ,100308,តាម៉ៅ,Ta Mao,10,1003
ឃុំ,100401,បឹងចារ,Boeng Char,10,1004
ឃុំ,100402,កំពង់ចាម,Kampong Cham,10,1004
ឃុំ,100403,ក្បាលដំរី,Kbal Damrei,10,1004
ឃុំ,100404,កោះខ្ញែរ,Kaoh Khnhaer,10,1004
ឃុំ,100405,អូរគ្រៀង,Ou Krieng,10,1004
ឃុំ,100406,រលួសមានជ័យ,Roluos Mean Chey,10,1004
ឃុំ,100407,សំបូរ,Sambour,10,1004
ឃុំ,100408,សណ្ដាន់,Sandan,10,1004
ឃុំ,100409,ស្រែជិះ,Srae Chis,10,1004
ឃុំ,100410,វឌ្ឍនៈ,Voadthonak,10,1004
ឃុំ,100501,ឃ្សឹម,Khsuem,10,1005
ឃុំ,100502,ពីរធ្នូ,Pir Thnu,10,1005
ឃុំ,100503,ស្នួល,Snuol,10,1005
ឃុំ,100504,ស្រែចារ,Srae Char,10,1005
ឃុំ,100505,ស្វាយជ្រះ,Svay Chreah,10,1005
ឃុំ,100506,គ្រញូងសែនជ័យ,Kronhoung Saen Chey,10,1005
ឃុំ,100601,បុសលាវ,Bos Leav,10,1006
ឃុំ,100602,ចង្ក្រង់,Changkrang,10,1006
ឃុំ,100603,ដារ,Dar,10,1006
ឃុំ,100604,កន្ទួត,Kantuot,10,1006
ឃុំ,100605,គោលាប់,Kou Loab,10,1006
ឃុំ,100606,កោះច្រែង,Kaoh Chraeng,10,1006
ឃុំ,100607,សំបុក,Sambok,10,1006
ឃុំ,100608,ថ្មអណ្ដើក,Thma Andaeuk,10,1006
ឃុំ,100609,ថ្មគ្រែ,Thma Kreae,10,1006
ឃុំ,100610,ថ្មី,Thmei,10,1006
ឃុំ,110101,ចុងផ្លាស់,Chong Phlah,11,1101
ឃុំ,110102,មេម៉ង់,Memang,11,1101
ឃុំ,110103,ស្រែឈូក,Srae Chhuk,11,1101
ឃុំ,110104,ស្រែខ្ទុម,Srae Khtum,11,1101
ឃុំ,110105,ស្រែព្រះ,Srae Preah,11,1101
ឃុំ,110201,ណងឃីលិក,Nang Khi Lik,11,1102
ឃុំ,110202,អ បួនលើ,A Buon Leu,11,1102
ឃុំ,110203,រយ៉,Roya,11,1102
ឃុំ,110204,សុខសាន្ដ,Sokh Sant,11,1102
ឃុំ,110205,ស្រែហ៊ុយ,Srae Huy,11,1102
ឃុំ,110206,ស្រែសង្គម,Srae Sangkum,11,1102
ឃុំ,110301,ដាក់ដាំ,Dak Dam,11,1103
ឃុំ,110302,សែនមនោរម្យ,Saen Monourom,11,1103
ឃុំ,110401,ក្រង់តេះ,Krang Teh,11,1104
ឃុំ,110402,ពូជ្រៃ,Pu Chrey,11,1104
ឃុំ,110403,ស្រែអំពូម,Srae Ampum,11,1104
ឃុំ,110404,ប៊ូស្រា,Bu Sra,11,1104
សង្កាត់,110501,មនោរម្យ,Monourom,11,1105
សង្កាត់,110502,សុខដុម,Sokh Dom,11,1105
សង្កាត់,110503,ស្ពានមានជ័យ,Spean Mean Chey,11,1105
សង្កាត់,110504,រមនា,Romonea,11,1105
សង្កាត់,120101,ទន្លេបាសាក់,Tonle Basak,12,1201
សង្កាត់,120109,ទួលទំពូងទី ២,Tuol Tumpung Ti Pir,12,1201
សង្កាត់,120110,ទួលទំពូងទី ១,Tuol Tumpung Ti Muoy,12,1201
សង្កាត់,120111,បឹងត្របែក,Boeng Trabaek,12,1201
សង្កាត់,120112,ផ្សារដើមថ្កូវ,Phsar Daeum Thkov,12,1201
សង្កាត់,120201,ផ្សារថ្មីទី ១,Phsar Thmei Ti Muoy,12,1202
សង្កាត់,120202,ផ្សារថ្មីទី ២,Phsar Thmei Ti Pir,12,1202
សង្កាត់,120203,ផ្សារថ្មីទី ៣,Phsar Thmei Ti Bei,12,1202
សង្កាត់,120204,បឹងរាំង,Boeng Reang,12,1202
សង្កាត់,120205,ផ្សារកណ្ដាលទី១,Phsar Kandal Ti Muoy,12,1202
សង្កាត់,120206,ផ្សារកណ្ដាលទី២,Phsar Kandal Ti Pir,12,1202
សង្កាត់,120207,ចតុមុខ,Chakto Mukh,12,1202
សង្កាត់,120208,ជ័យជំនះ,Chey Chummeah,12,1202
សង្កាត់,120209,ផ្សារចាស់,Phsar Chas,12,1202
សង្កាត់,120210,ស្រះចក,Srah Chak,12,1202
សង្កាត់,120211,វត្ដភ្នំ,Voat Phnum,12,1202
សង្កាត់,120301,អូរឫស្សីទី ១,Ou Ruessei Ti Muoy,12,1203
សង្កាត់,120302,អូរឫស្សីទី ២,Ou Ruessei Ti Pir,12,1203
សង្កាត់,120303,អូរឫស្សីទី ៣,Ou Ruessei Ti Bei,12,1203
សង្កាត់,120304,អូរឫស្សីទី ៤,Ou Ruessei Ti Buon,12,1203
សង្កាត់,120305,មនោរម្យ,Monourom,12,1203
សង្កាត់,120306,មិត្ដភាព,Mittapheap,12,1203
សង្កាត់,120307,វាលវង់,Veal Vong,12,1203
សង្កាត់,120308,បឹងព្រលឹត,Boeng Proluet,12,1203
សង្កាត់,120401,ផ្សារដេប៉ូទី ១,Phsar Depou Ti Muoy,12,1204
សង្កាត់,120402,ផ្សារដេប៉ូទី ២,Phsar Depou Ti Pir,12,1204
សង្កាត់,120403,ផ្សារដេប៉ូទី ៣,Phsar Depou Ti Bei,12,1204
សង្កាត់,120404,ទឹកល្អក់ទី ១,Tuek Lak Ti Muoy,12,1204
សង្កាត់,120405,ទឹកល្អក់ទី ២,Tuek Lak Ti Pir,12,1204
សង្កាត់,120406,ទឹកល្អក់ទី ៣,Tuek Lak Ti Bei,12,1204
សង្កាត់,120407,បឹងកក់ទី ១,Boeng Kak Ti Muoy,12,1204
សង្កាត់,120408,បឹងកក់ទី ២,Boeng Kak Ti Pir,12,1204
សង្កាត់,120409,ផ្សារដើមគរ,Phsar Daeum Kor,12,1204
សង្កាត់,120410,បឹងសាឡាង,Boeng Salang,12,1204
សង្កាត់,120501,ដង្កោ,Dangkao,12,1205
សង្កាត់,120507,ពងទឹក,Pong Tuek,12,1205
សង្កាត់,120508,ព្រៃវែង,Prey Veaeng,12,1205
សង្កាត់,120510,ព្រៃស,Prey Sa,12,1205
សង្កាត់,120512,ក្រាំងពង្រ,Krang Pongro,12,1205
សង្កាត់,120514,សាក់សំពៅ,Sak Sampov,12,1205
សង្កាត់,120515,ជើងឯក,Cheung Aek,12,1205
សង្កាត់,120516,គងនយ,Kong Noy,12,1205
សង្កាត់,120517,ព្រែកកំពឹស,Preaek Kampues,12,1205
សង្កាត់,120518,រលួស,Roluos,12,1205
សង្កាត់,120519,ស្ពានថ្ម,Spean Thma,12,1205
សង្កាត់,120520,ទៀន,Tien,12,1205
សង្កាត់,120606,ចាក់អង្រែលើ,Chak Angrae Leu,12,1206
សង្កាត់,120607,ចាក់អង្រែក្រោម,Chak Angrae Kraom,12,1206
សង្កាត់,120608,ស្ទឹងមានជ័យទី១,Stueng Mean chey 1,12,1206
សង្កាត់,120609,ស្ទឹងមានជ័យទី២,Stueng Mean chey 2,12,1206
សង្កាត់,120610,ស្ទឹងមានជ័យទី៣,Stueng Mean chey 3,12,1206
សង្កាត់,120611,បឹងទំពុនទី១,Boeng Tumpun 1,12,1206
សង្កាត់,120612,បឹងទំពុនទី២,Boeng Tumpun 2,12,1206
សង្កាត់,120703,ស្វាយប៉ាក,Svay Pak,12,1207
សង្កាត់,120704,គីឡូម៉ែត្រលេខ៦,Kilomaetr Lekh Prammuoy,12,1207
សង្កាត់,120706,ឫស្សីកែវ,Ruessei Kaev,12,1207
សង្កាត់,120711,ច្រាំងចំរេះទី ១,Chrang Chamreh Ti Muoy,12,1207
សង្កាត់,120712,ច្រាំងចំរេះទី ២,Chrang Chamreh Ti Pir,12,1207
សង្កាត់,120713,ទួលសង្កែទី១,Tuol Sangkae 1,12,1207
សង្កាត់,120714,ទួលសង្កែទី២,Tuol Sangkae 2,12,1207
សង្កាត់,120801,ភ្នំពេញថ្មី,Phnom Penh Thmei,12,1208
សង្កាត់,120802,ទឹកថ្លា,Tuek Thla,12,1208
សង្កាត់,120803,ឃ្មួញ,Khmuonh,12,1208
សង្កាត់,120807,ក្រាំងធ្នង់,Krang Thnong,12,1208
សង្កាត់,120808,អូរបែកក្អម,Ou Baek Kam,12,1208
សង្កាត់,120809,គោកឃ្លាង,Kouk Khleang,12,1208
សង្កាត់,120901,ត្រពាំងក្រសាំង,Trapeang Krasang,12,1209
សង្កាត់,120906,សំរោងក្រោម,Samraong Kraom,12,1209
សង្កាត់,120914,ចោមចៅទី១,Chaom Chau 1,12,1209
សង្កាត់,120915,ចោមចៅទី២,Chaom Chau 2,12,1209
សង្កាត់,120916,ចោមចៅទី៣,Chaom Chau 3,12,1209
សង្កាត់,120917,កាកាបទី១,Kakab 1,12,1209
សង្កាត់,120918,កាកាបទី២,Kakab 2,12,1209
សង្កាត់,121001,ជ្រោយចង្វារ,Chrouy Changvar,12,1210
សង្កាត់,121002,ព្រែកលៀប,Preaek Lieb,12,1210
សង្កាត់,121003,ព្រែកតាសេក,Preaek Ta Sek,12,1210
សង្កាត់,121004,កោះដាច់,Kaoh Dach,12,1210
សង្កាត់,121005,បាក់ខែង,Bak Kaeng,12,1210
សង្កាត់,121101,ព្រែកព្នៅ,Preaek Phnov,12,1211
សង្កាត់,121102,ពញាពន់,Ponhea Pon,12,1211
សង្កាត់,121103,សំរោង,Samraong,12,1211
សង្កាត់,121104,គោករកា,Kouk Roka,12,1211
សង្កាត់,121105,ពន្សាំង,Ponsang,12,1211
សង្កាត់,121201,ច្បារអំពៅទី ១,Chhbar Ampov Ti Muoy,12,1212
សង្កាត់,121202,ច្បារអំពៅទី ២,Chbar Ampov Ti Pir,12,1212
សង្កាត់,121203,និរោធ,Nirouth,12,1212
សង្កាត់,121204,ព្រែកប្រា,Preaek Pra,12,1212
សង្កាត់,121205,វាលស្បូវ,Veal Sbov,12,1212
សង្កាត់,121206,ព្រែកឯង,Preaek Aeng,12,1212
សង្កាត់,121207,ក្បាលកោះ,Kbal Kaoh,12,1212
សង្កាត់,121208,ព្រែកថ្មី,Preaek Thmei,12,1212
សង្កាត់,121301,បឹងកេងកងទី ១,Boeng Keng Kang Ti Muoy,12,1213
សង្កាត់,121302,បឹងកេងកងទី ២,Boeng Keng Kang Ti Pir,12,1213
សង្កាត់,121303,បឹងកេងកងទី ៣,Boeng Keng Kang Ti Bei,12,1213
សង្កាត់,121304,អូឡាំពិក,Olympic,12,1213
សង្កាត់,121305,ទំនប់ទឹក,Tumnob Tuek,12,1213
សង្កាត់,121306,ទួលស្វាយព្រៃទី ១,Tuol Svay Prey Ti Muoy,12,1213
សង្កាត់,121307,ទួលស្វាយព្រៃទី ២,Tuol Svay Prey Ti Pir,12,1213
សង្កាត់,121401,កំបូល,Kamboul,12,1214
សង្កាត់,121402,កន្ទោក,Kantaok,12,1214
សង្កាត់,121403,ឪឡោក,Ovlaok,12,1214
សង្កាត់,121404,ស្នោរ,Snaor,12,1214
សង្កាត់,121405,ភ្លើងឆេះរទេះ,Phleung Chheh Roteh,12,1214
សង្កាត់,121406,បឹងធំ,Boeng Thum,12,1214
សង្កាត់,121407,ប្រទះឡាង,Prateah Lang,12,1214
ឃុំ,130101,ស្អាង,Sang,13,1301
ឃុំ,130102,តស៊ូ,Tasu,13,1301
ឃុំ,130103,ខ្យង,Khyang,13,1301
ឃុំ,130104,ច្រាច់,Chrach,13,1301
ឃុំ,130105,ធ្មា,Thmea,13,1301
ឃុំ,130106,ពុទ្រា,Putrea,13,1301
ឃុំ,130201,ឆែបមួយ,Chhaeb Muoy,13,1302
ឃុំ,130202,ឆែបពីរ,Chhaeb Pir,13,1302
ឃុំ,130203,សង្កែមួយ,Sangkae Muoy,13,1302
ឃុំ,130204,សង្កែពីរ,Sangkae Pir,13,1302
ឃុំ,130205,ម្លូព្រៃមួយ,Mlu Prey Muoy,13,1302
ឃុំ,130206,ម្លូព្រៃពីរ,Mlu Prey Pir,13,1302
ឃុំ,130207,កំពង់ស្រឡៅមួយ,Kampong Sralau Muoy,13,1302
ឃុំ,130208,កំពង់ស្រឡៅពីរ,Kampong Sralau Pir,13,1302
ឃុំ,130301,ជាំក្សាន្ដ,Choam Ksant,13,1303
ឃុំ,130302,ទឹកក្រហម,Tuek Kraham,13,1303
ឃុំ,130303,ព្រីងធំ,Pring Thum,13,1303
ឃុំ,130304,រំដោះស្រែ,Rumdaoh Srae,13,1303
ឃុំ,130305,យាង,Yeang,13,1303
ឃុំ,130306,កន្ទួត,Kantuot,13,1303
ឃុំ,130307,ស្រអែម,Sror Aem,13,1303
ឃុំ,130308,មរកត,Morokot,13,1303
ឃុំ,130401,គូលែនត្បូង,Kuleaen Tboung,13,1304
ឃុំ,130402,គូលែនជើង,Kuleaen Cheung,13,1304
ឃុំ,130403,ថ្មី,Thmei,13,1304
ឃុំ,130404,ភ្នំពេញ,Phnum Penh,13,1304
ឃុំ,130405,ភ្នំត្បែងពីរ,Phnum Tbaeng Pir,13,1304
ឃុំ,130406,ស្រយង់,Srayang,13,1304
ឃុំ,130501,របៀប,Robieb,13,1305
ឃុំ,130502,រស្មី,Reaksmei,13,1305
ឃុំ,130503,រហ័ស,Rohas,13,1305
ឃុំ,130504,រុងរឿង,Rung Roeang,13,1305
ឃុំ,130505,រីករាយ,Rik Reay,13,1305
ឃុំ,130506,រួសរាន់,Ruos Roan,13,1305
ឃុំ,130507,រតនៈ,Rotanak,13,1305
ឃុំ,130508,រៀបរយ,Rieb Roy,13,1305
ឃុំ,130509,រក្សា,Reaksa,13,1305
ឃុំ,130510,រំដោះ,Rumdaoh,13,1305
ឃុំ,130511,រមទម,Romtum,13,1305
ឃុំ,130512,រមណីយ,Romoneiy,13,1305
ឃុំ,130601,ចំរើន,Chamraeun,13,1306
ឃុំ,130602,រអាង,Roang,13,1306
ឃុំ,130603,ភ្នំត្បែងមួយ,Phnum Tbaeng Muoy,13,1306
ឃុំ,130604,ស្ដៅ,Sdau,13,1306
ឃុំ,130605,រណសិរ្ស,Ronak Ser,13,1306
ឃុំ,130703,ឈានមុខ,Chhean Mukh,13,1307
ឃុំ,130704,ពោធិ៍,Pou,13,1307
ឃុំ,130705,ប្រមេរុ,Prame,13,1307
ឃុំ,130706,ព្រះឃ្លាំង,Preah Khleang,13,1307
សង្កាត់,130801,កំពង់ប្រណាក,Kampong Pranak,13,1308
សង្កាត់,130802,ប៉ាលហាល,Pal Hal,13,1308
ឃុំ,140101,បឹងព្រះ,Boeng Preah,14,1401
ឃុំ,140102,ជើងភ្នំ,Cheung Phnum,14,1401
ឃុំ,140103,ឈើកាច់,Chheu Kach,14,1401
ឃុំ,140104,រក្សជ័យ,Reaks Chey,14,1401
ឃុំ,140105,រោងដំរី,Roung Damrei,14,1401
ឃុំ,140106,ស្ដៅកោង,Sdau Kaong,14,1401
ឃុំ,140107,ស្ពឺ  ក,Spueu Ka,14,1401
ឃុំ,140108,ស្ពឺ  ខ,Spueu Kha,14,1401
ឃុំ,140109,ធាយ,Theay,14,1401
ឃុំ,140201,ជាច,Cheach,14,1402
ឃុំ,140202,ដូនកឹង,Doun Koeng,14,1402
ឃុំ,140203,ក្រញូង,Kranhung,14,1402
ឃុំ,140204,ក្របៅ,Krabau,14,1402
ឃុំ,140205,ស៊ាងឃ្វាង,Seang Khveang,14,1402
ឃុំ,140206,ស្មោងខាងជើង,Smaong Khang Cheung,14,1402
ឃុំ,140207,ស្មោងខាងត្បូង,Smaong Khang Tboung,14,1402
ឃុំ,140208,ត្របែក,Trabaek,14,1402
ឃុំ,140301,អន្សោង,Ansaong,14,1403
ឃុំ,140302,ចាម,Cham,14,1403
ឃុំ,140303,ជាងដែក,Cheang Daek,14,1403
ឃុំ,140304,ជ្រៃ,Chrey,14,1403
ឃុំ,140305,កន្សោមអក,Kansoam Ak,14,1403
ឃុំ,140306,គោខ្ចក,Kou Khchak,14,1403
ឃុំ,140307,កំពង់ត្របែក,Kampong Trabaek,14,1403
ឃុំ,140308,ពាមមន្ទារ,Peam Montear,14,1403
ឃុំ,140309,ប្រាសាទ,Prasat,14,1403
ឃុំ,140310,ប្រធាតុ,Pratheat,14,1403
ឃុំ,140311,ព្រៃឈរ,Prey Chhor,14,1403
ឃុំ,140312,ព្រៃពោន,Prey Poun,14,1403
ឃុំ,140313,ថ្កូវ,Thkov,14,1403
ឃុំ,140401,ចុងអំពិល,Chong Ampil,14,1404
ឃុំ,140402,កញ្ជ្រៀច,Kanhchriech,14,1404
ឃុំ,140403,ក្ដឿងរាយ,Kdoeang Reay,14,1404
ឃុំ,140404,គោកគង់កើត,Kouk Kong Kaeut,14,1404
ឃុំ,140405,គោកគង់លិច,Kouk Kong Lech,14,1404
ឃុំ,140406,ព្រាល,Preal,14,1404
ឃុំ,140407,ថ្មពូន,Thma Pun,14,1404
ឃុំ,140408,ត្នោត,Tnaot,14,1404
ឃុំ,140501,អង្គរសរ,Angkor Sar,14,1405
ឃុំ,140502,ច្រេស,Chres,14,1405
ឃុំ,140503,ជីផុច,Chi Phoch,14,1405
ឃុំ,140504,ព្រៃឃ្នេស,Prey Khnes,14,1405
ឃុំ,140505,ព្រៃរំដេង,Prey Rumdeng,14,1405
ឃុំ,140506,ព្រៃទទឹង,Prey Totueng,14,1405
ឃុំ,140507,ស្វាយជ្រុំ,Svay Chrum,14,1405
ឃុំ,140508,ត្រពាំងស្រែ,Trapeang Srae,14,1405
ឃុំ,140601,អង្គរអង្គ,Angkor Angk,14,1406
ឃុំ,140602,កំពង់ប្រាសាទ,Kampong Prasat,14,1406
ឃុំ,140603,កោះចេក,Kaoh Chek,14,1406
ឃុំ,140604,កោះរកា,Kaoh Roka,14,1406
ឃុំ,140605,កោះសំពៅ,Kaoh Sampov,14,1406
ឃុំ,140606,ក្រាំងតាយ៉ង,Krang Ta Yang,14,1406
ឃុំ,140607,ព្រែកក្របៅ,Preaek Krabau,14,1406
ឃុំ,140608,ព្រែកសំបួរ,Preaek Sambuor,14,1406
ឃុំ,140609,ឫស្សីស្រុក,Ruessei Srok,14,1406
ឃុំ,140610,ស្វាយភ្លោះ,Svay Phluoh,14,1406
ឃុំ,140701,បាបោង,Ba Baong,14,1407
ឃុំ,140702,បន្លិចប្រាសាទ,Banlich Prasat,14,1407
ឃុំ,140703,អ្នកលឿង,Neak Loeang,14,1407
ឃុំ,140704,ពាមមានជ័យ,Peam Mean Chey,14,1407
ឃុំ,140705,ពាមរក៍,Peam Ro,14,1407
ឃុំ,140706,ព្រែកខ្សាយ ក,Preaek Khsay Ka,14,1407
ឃុំ,140707,ព្រែកខ្សាយ ខ,Preaek Khsay Kha,14,1407
ឃុំ,140708,ព្រៃកណ្ដៀង,Prey Kandieng,14,1407
ឃុំ,140801,កំពង់ពពិល,Kampong Popil,14,1408
ឃុំ,140802,កញ្ចំ,Kanhcham,14,1408
ឃុំ,140803,កំពង់ប្រាំង,Kampong Prang,14,1408
ឃុំ,140805,មេសរប្រចាន់,Mesar Prachan,14,1408
ឃុំ,140807,ព្រៃព្នៅ,Prey Pnov,14,1408
ឃុំ,140808,ព្រៃស្នៀត,Prey Sniet,14,1408
ឃុំ,140809,ព្រៃស្រឡិត,Prey Sralet,14,1408
ឃុំ,140810,រាប,Reab,14,1408
ឃុំ,140811,រកា,Roka,14,1408
ឃុំ,140901,អង្គររាជ្យ,Angkor Reach,14,1409
ឃុំ,140902,បន្ទាយចក្រី,Banteay Chakrei,14,1409
ឃុំ,140903,បឹងដោល,Boeng Daol,14,1409
ឃុំ,140904,ជៃកំពក,Chey Kampok,14,1409
ឃុំ,140905,កំពង់សឹង,Kampong Soeng,14,1409
ឃុំ,140906,ក្រាំងស្វាយ,Krang Svay,14,1409
ឃុំ,140907,ល្វា,Lvea,14,1409
ឃុំ,140908,ព្រះស្ដេច,Preah Sdach,14,1409
ឃុំ,140909,រាធរ,Reathor,14,1409
ឃុំ,140910,រំចេក,Rumchek,14,1409
ឃុំ,140911,សេនារាជឧត្ដម,Sena Reach Otdam,14,1409
សង្កាត់,141001,បារាយណ៍,Baray,14,1410
សង្កាត់,141002,ជើងទឹក,Cheung Tuek,14,1410
សង្កាត់,141003,កំពង់លាវ,Kampong Leav,14,1410
សង្កាត់,141004,តាកោ,Ta Kao,14,1410
ឃុំ,141101,ពោធិ៍រៀង,Pou Rieng,14,1411
ឃុំ,141102,ព្រែកអន្ទះ,Preaek Anteah,14,1411
ឃុំ,141103,ព្រែកជ្រៃ,Preaek Chrey,14,1411
ឃុំ,141104,ព្រៃកន្លោង,Prey Kanlaong,14,1411
ឃុំ,141106,កំពង់ឫស្សី,Kampong Ruessei,14,1411
ឃុំ,141107,ព្រែកតាសរ,Preaek Ta Sar,14,1411
ឃុំ,141201,អំពិលក្រៅ,Ampil Krau,14,1412
ឃុំ,141202,ជ្រៃឃ្មុំ,Chrey Khmum,14,1412
ឃុំ,141203,ល្វេ,Lve,14,1412
ឃុំ,141204,ព្នៅទី ១,Pnov Ti Muoy,14,1412
ឃុំ,141205,ព្នៅទី ២,Pnov Ti Pir,14,1412
ឃុំ,141206,ពោធិ៍ទី,Pou Ti,14,1412
ឃុំ,141207,ព្រែកចង្ក្រាន,Preaek Changkran,14,1412
ឃុំ,141208,ព្រៃដើមថ្នឹង,Prey Daeum Thnoeng,14,1412
ឃុំ,141209,ព្រៃទឹង,Prey Tueng,14,1412
ឃុំ,141210,រំលេច,Rumlech,14,1412
ឃុំ,141211,ឫស្សីសាញ់,Ruessei Sanh,14,1412
ឃុំ,141301,អង្គរទ្រេត,Angkor Tret,14,1413
ឃុំ,141302,ជាខ្លាង,Chea Khlang,14,1413
ឃុំ,141303,ជ្រៃ,Chrey,14,1413
ឃុំ,141304,ដំរីពួន,Damrei Puon,14,1413
ឃុំ,141305,មេបុណ្យ,Me Bon,14,1413
ឃុំ,141306,ពានរោង,Pean Roung,14,1413
ឃុំ,141307,ពពឺស,Popueus,14,1413
ឃុំ,141308,ព្រៃខ្លា,Prey Khla,14,1413
ឃុំ,141309,សំរោង,Samraong,14,1413
ឃុំ,141310,ស្វាយអន្ទរ,Svay Antor,14,1413
ឃុំ,141311,ទឹកថ្លា,Tuek Thla,14,1413
ឃុំ,150101,បឹងបត់កណ្ដាល,Boeng Bat Kandaol,15,1501
ឃុំ,150102,បឹងខ្នារ,Boeng Khnar,15,1501
ឃុំ,150103,ខ្នារទទឹង,Khnar Totueng,15,1501
ឃុំ,150104,មេទឹក,Me Tuek,15,1501
ឃុំ,150105,អូរតាប៉ោង,Ou Ta Paong,15,1501
ឃុំ,150106,រំលេច,Rumlech,15,1501
ឃុំ,150107,ស្នាមព្រះ,Snam Preah,15,1501
ឃុំ,150108,ស្វាយដូនកែវ,Svay Doun Kaev,15,1501
ឃុំ,150110,ត្រពាំងជង,Trapeang chorng,15,1501
ឃុំ,150201,អន្លង់វិល,Anlong Vil,15,1502
ឃុំ,150203,កណ្ដៀង,Kandieng,15,1502
ឃុំ,150204,កញ្ជរ,Kanhchor,15,1502
ឃុំ,150205,រាំងទិល,Reang Til,15,1502
ឃុំ,150206,ស្រែស្ដុក,Srae Sdok,15,1502
ឃុំ,150207,ស្វាយលួង,Svay Luong,15,1502
ឃុំ,150208,ស្យា,Sya,15,1502
ឃុំ,150209,វាល,Veal,15,1502
ឃុំ,150210,កោះជុំ,Kaoh Chum,15,1502
ឃុំ,150301,អន្លង់ត្នោត,Anlong Tnaot,15,1503
ឃុំ,150302,អន្សាចំបក់,Ansa Chambak,15,1503
ឃុំ,150303,បឹងកន្ទួត,Boeng Kantuot,15,1503
ឃុំ,150304,ឈើតុំ,Chheu Tom,15,1503
ឃុំ,150305,កំពង់លួង,Kampong Luong,15,1503
ឃុំ,150306,កំពង់ពោធិ៍,Kampong Pou,15,1503
ឃុំ,150307,ក្បាលត្រាច,Kbal Trach,15,1503
ឃុំ,150308,អូរសណ្ដាន់,Ou Sandan,15,1503
ឃុំ,150309,ស្នាអន្សា,Sna Ansa,15,1503
ឃុំ,150310,ស្វាយស,Svay Sa,15,1503
ឃុំ,150311,ត្នោតជុំ,Tnaot Chum,15,1503
ឃុំ,150401,បាក់ចិញ្ចៀន,Bak Chenhchien,15,1504
ឃុំ,150402,លាច,Leach,15,1504
ឃុំ,150404,ព្រងិល,Prongil,15,1504
ឃុំ,150405,រកាត,Rokat,15,1504
ឃុំ,150406,សន្ទ្រែ,Santreae,15,1504
ឃុំ,150407,សំរោង,Samraong,15,1504
សង្កាត់,150501,ចំរើនផល,Chamraeun Phal,15,1505
សង្កាត់,150503,លលកស,Lolok Sa,15,1505
សង្កាត់,150504,ផ្ទះព្រៃ,Phteah Prey,15,1505
សង្កាត់,150505,ព្រៃញី,Prey Nhi,15,1505
សង្កាត់,150506,រលាប,Roleab,15,1505
សង្កាត់,150507,ស្វាយអាត់,Svay At,15,1505
សង្កាត់,150508,បន្ទាយដី,Banteay Dei,15,1505
ឃុំ,150601,អូរសោម,Ou Saom,15,1506
ឃុំ,150602,ក្រពើពីរ,Krapeu Pir,15,1506
ឃុំ,150603,អន្លង់រាប,Anlong Reab,15,1506
ឃុំ,150604,ប្រម៉ោយ,Pramaoy,15,1506
ឃុំ,150605,ថ្មដា,Thma Da,15,1506
ឃុំ,150701,តាលោ,Ta Lou,15,1507
ឃុំ,150702,ផ្ទះរុង,Phteah Rung,15,1507
ឃុំ,160101,ម៉ាលិក,Malik,16,1601
ឃុំ,160103,ញ៉ាង,Nhang,16,1601
ឃុំ,160104,តាឡាវ,Ta Lav,16,1601
សង្កាត់,160201,កាចាញ,Kachanh,16,1602
សង្កាត់,160202,ឡាបានសៀក,Labansiek,16,1602
សង្កាត់,160203,យក្ខឡោម,Yeak Laom,16,1602
សង្កាត់,160204,បឹងកន្សែង,Boeng Kansaeng,16,1602
ឃុំ,160301,កក់,Kak,16,1603
ឃុំ,160302,កិះចុង,Keh Chong,16,1603
ឃុំ,160303,ឡាមីញ,La Minh,16,1603
ឃុំ,160304,លុងឃុង,Lung Khung,16,1603
ឃុំ,160305,ស៊ើង,Saeung,16,1603
ឃុំ,160306,ទីងចាក់,Ting Chak,16,1603
ឃុំ,160401,សិរីមង្គល,Serei Mongkol,16,1604
ឃុំ,160402,ស្រែអង្គ្រង,Srae Angkrorng,16,1604
ឃុំ,160403,តាអង,Ta Ang,16,1604
ឃុំ,160404,តឺន,Teun,16,1604
ឃុំ,160405,ត្រពាំងច្រេស,Trapeang Chres,16,1604
ឃុំ,160406,ត្រពាំងក្រហម,Trapeang Kraham,16,1604
ឃុំ,160501,ជ័យឧត្ដម,Chey Otdam,16,1605
ឃុំ,160502,កាឡែង,Ka Laeng,16,1605
ឃុំ,160503,ល្បាំង១,Lbang Muoy,16,1605
ឃុំ,160504,ល្បាំង២,Lbang Pir,16,1605
ឃុំ,160505,បាតាង,Ba Tang,16,1605
ឃុំ,160506,សេដា,Seda,16,1605
ឃុំ,160601,ចាអ៊ុង,Cha Ung,16,1606
ឃុំ,160602,ប៉ូយ,Pouy,16,1606
ឃុំ,160603,ឯកភាព,Aekakpheap,16,1606
ឃុំ,160604,កាឡៃ,Kalai,16,1606
ឃុំ,160605,អូរជុំ,Ou Chum,16,1606
ឃុំ,160606,សាមគ្គី,Sameakki,16,1606
ឃុំ,160607,ល្អក់,Lak,16,1606
ឃុំ,160701,បរខាំ,Bar Kham,16,1607
ឃុំ,160702,លំជ័រ,Lum Choar,16,1607
ឃុំ,160703,ប៉ក់ញ៉ៃ,Pak Nhai,16,1607
ឃុំ,160704,ប៉ាតេ,Pa Te,16,1607
ឃុំ,160705,សេសាន,Sesan,16,1607
ឃុំ,160706,សោមធំ,Saom Thum,16,1607
ឃុំ,160707,យ៉ាទុង,Ya Tung,16,1607
ឃុំ,160801,តាវែងលើ,Ta Veaeng Leu,16,1608
ឃុំ,160802,តាវែងក្រោម,Ta Veaeng Kraom,16,1608
ឃុំ,160901,ប៉ុង,Pong,16,1609
ឃុំ,160903,ហាត់ប៉ក់,Hat Pak,16,1609
ឃុំ,160904,កាចូន,Ka Choun,16,1609
ឃុំ,160905,កោះប៉ង់,Kaoh Pang,16,1609
ឃុំ,160906,កោះពាក្យ,Kaoh Peak,16,1609
ឃុំ,160907,កុកឡាក់,Kok Lak,16,1609
ឃុំ,160908,ប៉ាកាឡាន់,Pa Kalan,16,1609
ឃុំ,160909,ភ្នំកុក,Phnum Kok,16,1609
ឃុំ,160910,វើនសៃ,Veun Sai,16,1609
ឃុំ,170101,ចារឈូក,Char Chhuk,17,1701
ឃុំ,170102,ដូនពេង,Doun Peng,17,1701
ឃុំ,170103,គោកដូង,Kouk Doung,17,1701
ឃុំ,170104,គោល,Koul,17,1701
ឃុំ,170105,នគរភាស,Nokor Pheas,17,1701
ឃុំ,170106,ស្រែខ្វាវ,Srae Khvav,17,1701
ឃុំ,170107,តាសោម,Ta Saom,17,1701
ឃុំ,170201,ជប់តាត្រាវ,Chob Ta Trav,17,1702
ឃុំ,170202,លាងដៃ,Leang Dai,17,1702
ឃុំ,170203,ពាក់ស្នែង,Peak Snaeng,17,1702
ឃុំ,170204,ស្វាយចេក,Svay Chek,17,1702
ឃុំ,170301,ខ្នារសណ្ដាយ,Khnar Sanday,17,1703
ឃុំ,170302,ឃុនរាម,Khun Ream,17,1703
ឃុំ,170303,ព្រះដាក់,Preah Dak,17,1703
ឃុំ,170304,រំចេក,Rumchek,17,1703
ឃុំ,170305,រុនតាឯក,Run Ta Aek,17,1703
ឃុំ,170306,ត្បែង,Tbaeng,17,1703
ឃុំ,170401,អន្លង់សំណរ,Anlong Samnar,17,1704
ឃុំ,170402,ជីក្រែង,Chi Kraeng,17,1704
ឃុំ,170403,កំពង់ក្ដី,Kampong Kdei,17,1704
ឃុំ,170404,ខ្វាវ,Khvav,17,1704
ឃុំ,170405,គោកធ្លកក្រោម,Kouk Thlok Kraom,17,1704
ឃុំ,170406,គោកធ្លកលើ,Kouk Thlok Leu,17,1704
ឃុំ,170407,ល្វែងឫស្សី,Lveaeng Ruessei,17,1704
ឃុំ,170408,ពង្រក្រោម,Pongro Kraom,17,1704
ឃុំ,170409,ពង្រលើ,Pongro Leu,17,1704
ឃុំ,170410,ឫស្សីលក,Ruessei Lok,17,1704
ឃុំ,170411,សង្វើយ,Sangvaeuy,17,1704
ឃុំ,170412,ស្ពានត្នោត,Spean Tnaot,17,1704
ឃុំ,170601,ចន្លាសដៃ,Chanleas Dai,17,1706
ឃុំ,170602,កំពង់ថ្កូវ,Kampong Thkov,17,1706
ឃុំ,170603,ក្រឡាញ់,Kralanh,17,1706
ឃុំ,170604,ក្រូចគរ,Krouch Kor,17,1706
ឃុំ,170605,រោងគោ,Roung Kou,17,1706
ឃុំ,170606,សំបួរ,Sambuor,17,1706
ឃុំ,170607,សែនសុខ,Saen Sokh,17,1706
ឃុំ,170608,ស្នួល,Snuol,17,1706
ឃុំ,170609,ស្រណាល,Sranal,17,1706
ឃុំ,170610,តាអាន,Ta An,17,1706
ឃុំ,170701,សសរស្ដម្ភ,Sasar Sdam,17,1707
ឃុំ,170702,ដូនកែវ,Doun Kaev,17,1707
ឃុំ,170703,ក្ដីរុន,Kdei Run,17,1707
ឃុំ,170704,កែវពណ៌,Kaev Poar,17,1707
ឃុំ,170705,ខ្នាត,Khnat,17,1707
ឃុំ,170707,ល្វា,Lvea,17,1707
ឃុំ,170708,មុខប៉ែន,Mukh Paen,17,1707
ឃុំ,170709,ពោធិ៍ទ្រាយ,Pou Treay,17,1707
ឃុំ,170710,ពួក,Puok,17,1707
ឃុំ,170711,ព្រៃជ្រូក,Prey Chruk,17,1707
ឃុំ,170712,រើល,Reul,17,1707
ឃុំ,170713,សំរោងយា,Samraong Yea,17,1707
ឃុំ,170715,ត្រីញ័រ,Trei Nhoar,17,1707
ឃុំ,170716,យាង,Yeang,17,1707
ឃុំ,170902,បាគង,Bakong,17,1709
ឃុំ,170903,បល្ល័ង្ក,Ballangk,17,1709
ឃុំ,170904,កំពង់ភ្លុក,Kampong Phluk,17,1709
ឃុំ,170905,កន្ទ្រាំង,Kantreang,17,1709
ឃុំ,170906,កណ្ដែក,Kandaek,17,1709
ឃុំ,170907,មានជ័យ,Mean Chey,17,1709
ឃុំ,170908,រលួស,Roluos,17,1709
ឃុំ,170909,ត្រពាំងធំ,Trapeang Thum,17,1709
ឃុំ,170910,អំពិល,Ampil,17,1709
សង្កាត់,171001,ស្លក្រាម,Sla Kram,17,1710
សង្កាត់,171002,ស្វាយដង្គំ,Svay Dankum,17,1710
សង្កាត់,171003,គោកចក,Kok Chak,17,1710
សង្កាត់,171004,សាលាកំរើក,Sala Kamreuk,17,1710
សង្កាត់,171005,នគរធំ,Nokor Thum,17,1710
សង្កាត់,171006,ជ្រាវ,Chreav,17,1710
សង្កាត់,171007,ចុងឃ្នៀស,Chong Khnies,17,1710
សង្កាត់,171008,សំបួរ,Sngkat Sambuor,17,1710
សង្កាត់,171009,សៀមរាប,Siem Reab,17,1710
សង្កាត់,171010,ស្រង៉ែ,Srangae,17,1710
សង្កាត់,171012,ក្របីរៀល,Krabei Riel,17,1710
សង្កាត់,171013,ទឹកវិល,Tuek Vil,17,1710
ឃុំ,171101,ចាន់ស,Chan Sa,17,1711
ឃុំ,171102,ដំដែក,Dam Daek,17,1711
ឃុំ,171103,ដានរុន,Dan Run,17,1711
ឃុំ,171104,កំពង់ឃ្លាំង,Kampong Khleang,17,1711
ឃុំ,171105,កៀនសង្កែ,Kien Sangkae,17,1711
ឃុំ,171106,ខ្ចាស់,Khchas,17,1711
ឃុំ,171107,ខ្នារពោធិ៍,Khnar Pou,17,1711
ឃុំ,171108,ពពេល,Popel,17,1711
ឃុំ,171109,សំរោង,Samraong,17,1711
ឃុំ,171110,តាយ៉ែក,Ta Yaek,17,1711
ឃុំ,171201,ជ្រោយនាងងួន,Chrouy Neang Nguon,17,1712
ឃុំ,171202,ក្លាំងហាយ,Klang Hay,17,1712
ឃុំ,171203,ត្រាំសសរ,Tram Sasar,17,1712
ឃុំ,171204,មោង,Moung,17,1712
ឃុំ,171205,ប្រីយ៍,Prei,17,1712
ឃុំ,171206,ស្លែងស្ពាន,Slaeng Spean,17,1712
ឃុំ,171301,បឹងមាលា,Boeng Mealea,17,1713
ឃុំ,171302,កន្ទួត,Kantuot,17,1713
ឃុំ,171303,ខ្នងភ្នំ,Khnang Phnum,17,1713
ឃុំ,171304,ស្វាយលើ,Svay Leu,17,1713
ឃុំ,171305,តាសៀម,Ta Siem,17,1713
ឃុំ,171401,ប្រាសាទ,Prasat,17,1714
ឃុំ,171402,ល្វាក្រាំង,Lvea Krang,17,1714
ឃុំ,171403,ស្រែណូយ,Srae Nouy,17,1714
ឃុំ,171404,ស្វាយ ស,Svay Sa,17,1714
ឃុំ,171405,វ៉ារិន,Varin,17,1714
សង្កាត់,180101,លេខ១,lek Muoy,18,1801
សង្កាត់,180102,២,Pir,18,1801
សង្កាត់,180103,៣,Bei,18,1801
សង្កាត់,180104,៤,Buon,18,1801
ឃុំ,180201,អណ្ដូងថ្ម,Andoung Thma,18,1802
ឃុំ,180202,បឹងតាព្រហ្ម,Boeng Ta Prum,18,1802
ឃុំ,180203,បិតត្រាង,Bet Trang,18,1802
ឃុំ,180204,ជើងគោ,Cheung Kou,18,1802
ឃុំ,180205,អូរជ្រៅ,Ou Chrov,18,1802
ឃុំ,180206,អូរឧកញ៉ាហេង,Ou Oknha Heng,18,1802
ឃុំ,180207,ព្រៃនប់,Prey Nob,18,1802
ឃុំ,180208,រាម,Ream,18,1802
ឃុំ,180209,សាមគ្គី,Sameakki,18,1802
ឃុំ,180210,សំរុង,Samrong,18,1802
ឃុំ,180211,ទឹកល្អក់,Tuek Lak,18,1802
ឃុំ,180212,ទឹកថ្លា,Tuek Thla,18,1802
ឃុំ,180213,ទួលទទឹង,Tuol Totueng,18,1802
ឃុំ,180214,វាលរេញ,Veal Renh,18,1802
ឃុំ,180215,តានៃ,Ta Ney,18,1802
ឃុំ,180301,កំពេញ,Kampenh,18,1803
ឃុំ,180302,អូរត្រេះ,Ou Treh,18,1803
ឃុំ,180303,ទំនប់រលក,Tumnob Rolok,18,1803
ឃុំ,180304,កែវផុស,Kaev Phos,18,1803
ឃុំ,180401,ចំការហ្លួង,Chamkar Luong,18,1804
ឃុំ,180402,កំពង់សីលា,Kampong Seila,18,1804
ឃុំ,180403,អូរបាក់រទេះ,Ou Bak Roteh,18,1804
ឃុំ,180404,ស្ទឹងឆាយ,Stueng Chhay,18,1804
សង្កាត់,180501,កោះរ៉ុង,Kaoh Rung,18,1805
សង្កាត់,180502,កោះរ៉ុងសន្លឹម,Koah Rung Sonlem,18,1805
ឃុំ,190101,កំភុន,Kamphun,19,1901
ឃុំ,190102,ក្បាលរមាស,Kbal Romeas,19,1901
ឃុំ,190103,ភ្លុក,Phluk,19,1901
ឃុំ,190104,សាមឃួយ,Samkhuoy,19,1901
ឃុំ,190105,ស្ដៅ,Sdau,19,1901
ឃុំ,190106,ស្រែគរ,Srae Kor,19,1901
ឃុំ,190107,តាឡាត,Ta Lat,19,1901
ឃុំ,190201,កោះព្រះ,Kaoh Preah,19,1902
ឃុំ,190202,កោះសំពាយ,Kaoh Sampeay,19,1902
ឃុំ,190203,កោះស្រឡាយ,Kaoh Sralay,19,1902
ឃុំ,190204,អូរម្រះ,Ou Mreah,19,1902
ឃុំ,190205,អូរឫស្សីកណ្ដាល,Ou Ruessei Kandal,19,1902
ឃុំ,190206,សៀមបូក,Siem Bouk,19,1902
ឃុំ,190207,ស្រែក្រសាំង,Srae Krasang,19,1902
ឃុំ,190301,ព្រែកមាស,Preaek Meas,19,1903
ឃុំ,190302,សេកុង,Sekong,19,1903
ឃុំ,190303,សន្ដិភាព,Santepheap,19,1903
ឃុំ,190304,ស្រែសំបូរ,Srae Sambour,19,1903
ឃុំ,190305,ថ្មកែវ,Tma Kaev,19,1903
សង្កាត់,190401,ស្ទឹងត្រែង,Stueng Traeng,19,1904
សង្កាត់,190402,ស្រះឫស្សី,Srah Ruessei,19,1904
សង្កាត់,190403,ព្រះបាទ,Preah Bat,19,1904
សង្កាត់,190404,សាមគ្គី,Sameakki,19,1904
ឃុំ,190501,អន្លង់ភេ,Anlong Phe,19,1905
ឃុំ,190502,ចំការលើ,Chamkar Leu,19,1905
ឃុំ,190503,កាំងចាម,Kang Cham,19,1905
ឃុំ,190505,អន្លង់ជ្រៃ,Anlong Chrey,19,1905
ឃុំ,190506,អូររ៉ៃ,Ou Rai,19,1905
ឃុំ,190509,សំអាង,Sam Ang,19,1905
ឃុំ,190510,ស្រែឫស្សី,Srae Ruessei,19,1905
ឃុំ,190511,ថាឡាបរិវ៉ាត់,Thala Barivat,19,1905
ឃុំ,190601,អូរស្វាយ,Ou Svay,19,1906
ឃុំ,190602,កោះស្នែង,Kaoh Snaeng,19,1906
ឃុំ,190603,ព្រះរំកិល,Preah Rumkel,19,1906
ឃុំ,200103,ចន្ទ្រា,Chantrea,20,2001
ឃុំ,200104,ច្រេស,Chres,20,2001
ឃុំ,200105,មេ សរថ្ងក,Me Sar Thngak,20,2001
ឃុំ,200108,ព្រៃគគីរ,Prey Kokir,20,2001
ឃុំ,200109,សំរោង,Samraong,20,2001
ឃុំ,200110,ទួលស្ដី,Tuol Sdei,20,2001
ឃុំ,200201,បន្ទាយក្រាំង,Banteay Krang,20,2002
ឃុំ,200202,ញរ,Nhor,20,2002
ឃុំ,200203,ខ្សែត្រ,Khsaetr,20,2002
ឃុំ,200204,ព្រះពន្លា,Preah Ponlea,20,2002
ឃុំ,200205,ព្រៃធំ,Prey Thum,20,2002
ឃុំ,200206,រាជមន្ទីរ,Reach Montir,20,2002
ឃុំ,200207,សំឡី,Samlei,20,2002
ឃុំ,200208,សំយ៉ោង,Samyaong,20,2002
ឃុំ,200209,ស្វាយតាយាន,Svay Ta Yean,20,2002
ឃុំ,200211,ថ្មី,Thmei,20,2002
ឃុំ,200212,ត្នោត,Tnaot,20,2002
ឃុំ,200301,បុសមន,Bos Mon,20,2003
ឃុំ,200302,ធ្មា,Thmea,20,2003
ឃុំ,200303,កំពង់ចក,Kampong Chak,20,2003
ឃុំ,200304,ជ្រុងពពេល,Chrung Popel,20,2003
ឃុំ,200305,កំពង់អំពិល,Kampong Ampil,20,2003
ឃុំ,200306,ម៉ឺនជ័យ,Meun Chey,20,2003
ឃុំ,200307,ពងទឹក,Pong Tuek,20,2003
ឃុំ,200308,សង្កែ,Sangkae,20,2003
ឃុំ,200309,ស្វាយចេក,Svay Chek,20,2003
ឃុំ,200310,ថ្នាធ្នង់,Thna Thnong,20,2003
ឃុំ,200401,អំពិល,Ampil,20,2004
ឃុំ,200402,អណ្ដូងពោធិ៍,Andoung Pou,20,2004
ឃុំ,200403,អណ្ដូងត្របែក,Andoung Trabaek,20,2004
ឃុំ,200404,អង្គប្រស្រែ,Angk Prasrae,20,2004
ឃុំ,200405,ចន្ដ្រី,Chantrei,20,2004
ឃុំ,200406,ជ្រៃធំ,Chrey Thum,20,2004
ឃុំ,200407,ដូង,Doung,20,2004
ឃុំ,200408,កំពង់ត្រាច,Kampong Trach,20,2004
ឃុំ,200409,គគីរ,Kokir,20,2004
ឃុំ,200410,ក្រសាំង,Krasang,20,2004
ឃុំ,200411,មុខដា,Mukh Da,20,2004
ឃុំ,200412,ម្រាម,Mream,20,2004
ឃុំ,200413,សំបួរ,Sambuor,20,2004
ឃុំ,200414,សម្បត្ដិមានជ័យ,Sambatt Mean Chey,20,2004
ឃុំ,200415,ត្រពាំងស្ដៅ,Trapeang Sdau,20,2004
ឃុំ,200416,ត្រស់,Tras,20,2004
ឃុំ,200501,អង្គតាសូ,Angk Ta Sou,20,2005
ឃុំ,200502,បាសាក់,Basak,20,2005
ឃុំ,200503,ចំបក់,Chambak,20,2005
ឃុំ,200504,កំពង់ចំឡង,Kampong Chamlang,20,2005
ឃុំ,200505,តាសួស,Ta Suos,20,2005
ឃុំ,200507,ឈើទាល,Chheu Teal,20,2005
ឃុំ,200508,ដូនស,Doun Sa,20,2005
ឃុំ,200509,គោកព្រីង,Kouk Pring,20,2005
ឃុំ,200510,ក្រោលគោ,Kraol Kou,20,2005
ឃុំ,200511,គ្រួស,Kruos,20,2005
ឃុំ,200512,ពោធិរាជ,Pouthi Reach,20,2005
ឃុំ,200513,ស្វាយអង្គ,Svay Angk,20,2005
ឃុំ,200514,ស្វាយជ្រំ,Svay Chrum,20,2005
ឃុំ,200515,ស្វាយធំ,Svay Thum,20,2005
ឃុំ,200516,ស្វាយយា,Svay Yea,20,2005
ឃុំ,200517,ធ្លក,Thlok,20,2005
សង្កាត់,200601,ស្វាយរៀង,Svay Rieng,20,2006
សង្កាត់,200602,ព្រៃឆ្លាក់,Prey Chhlak,20,2006
សង្កាត់,200603,គយត្របែក,Koy Trabaek,20,2006
សង្កាត់,200604,ពោធិ៍តាហោ,Pou Ta Hao,20,2006
សង្កាត់,200605,ចេក,Chek,20,2006
សង្កាត់,200606,ស្វាយតឿ,Svay Toea,20,2006
សង្កាត់,200607,សង្ឃរ័,Sangkhoar,20,2006
ឃុំ,200702,គគីសោម,Koki Saom,20,2007
ឃុំ,200703,កណ្ដៀងរាយ,Kandieng Reay,20,2007
ឃុំ,200704,មនោរម្យ,Monourom,20,2007
ឃុំ,200705,ពពែត,Popeaet,20,2007
ឃុំ,200706,ព្រៃតាអី,Prey Ta Ei,20,2007
ឃុំ,200707,ប្រសូត្រ,Prasoutr,20,2007
ឃុំ,200708,រមាំងថ្កោល,Romeang Thkaol,20,2007
ឃុំ,200709,សំបួរ,Sambuor,20,2007
ឃុំ,200711,ស្វាយរំពារ,Svay Rumpear,20,2007
សង្កាត់,200801,បាទី,Bati,20,2008
សង្កាត់,200802,បាវិត,Bavet,20,2008
សង្កាត់,200803,ច្រកម្ទេស,Chrak Mtes,20,2008
សង្កាត់,200804,ប្រាសាទ,Prasat,20,2008
សង្កាត់,200805,ព្រៃអង្គុញ,Prey Angkunh,20,2008
ឃុំ,210101,អង្គរបូរី,Angkor Borei,21,2101
ឃុំ,210102,បាស្រែ,Ba Srae,21,2101
ឃុំ,210103,គោកធ្លក,Kouk Thlok,21,2101
ឃុំ,210104,ពន្លៃ,Ponley,21,2101
ឃុំ,210105,ព្រែកផ្ទោល,Preaek Phtoul,21,2101
ឃុំ,210106,ព្រៃផ្គាំ,Prey Phkoam,21,2101
ឃុំ,210201,ចំបក់,Chambak,21,2102
ឃុំ,210202,ចំប៉ី,Champei,21,2102
ឃុំ,210203,ដូង,Doung,21,2102
ឃុំ,210204,កណ្ដឹង,Kandoeng,21,2102
ឃុំ,210205,កុមាររាជា,Komar Reachea,21,2102
ឃុំ,210206,ក្រាំងលាវ,Krang Leav,21,2102
ឃុំ,210207,ក្រាំងធ្នង់,Krang Thnong,21,2102
ឃុំ,210208,លំពង់,Lumpong,21,2102
ឃុំ,210209,ពារាម,Pea Ream,21,2102
ឃុំ,210210,ពត់សរ,Pot Sar,21,2102
ឃុំ,210211,សូរភី,Sour Phi,21,2102
ឃុំ,210212,តាំងដូង,Tang Doung,21,2102
ឃុំ,210213,ត្នោត,Tnaot,21,2102
ឃុំ,210214,ត្រពាំងក្រសាំង,Trapeang Krasang,21,2102
ឃុំ,210215,ត្រពាំងសាប,Trapeang Sab,21,2102
ឃុំ,210301,បូរីជលសារ,Borei Cholsar,21,2103
ឃុំ,210302,ជ័យជោគ,Chey Chouk,21,2103
ឃុំ,210303,ដូងខ្ពស់,Doung Khpos,21,2103
ឃុំ,210304,កំពង់ក្រសាំង,Kampong Krasang,21,2103
ឃុំ,210305,គោកពោធិ៍,Kouk Pou,21,2103
ឃុំ,210401,អង្គប្រាសាទ,Angk Prasat,21,2104
ឃុំ,210402,ព្រះបាទជាន់ជុំ,Preah Bat Choan Chum,21,2104
ឃុំ,210403,កំណប់,Kamnab,21,2104
ឃុំ,210404,កំពែង,Kampeaeng,21,2104
ឃុំ,210405,គីរីចុងកោះ,Kiri Chong Kaoh,21,2104
ឃុំ,210406,គោកព្រេច,Kouk Prech,21,2104
ឃុំ,210407,ភ្នំដិន,Phnum Den,21,2104
ឃុំ,210408,ព្រៃអំពក,Prey Ampok,21,2104
ឃុំ,210409,ព្រៃរំដេង,Prey Rumdeng,21,2104
ឃុំ,210410,រាមអណ្ដើក,Ream Andaeuk,21,2104
ឃុំ,210411,សោម,Saom,21,2104
ឃុំ,210412,តាអូរ,Ta Ou,21,2104
ឃុំ,210501,ក្រពុំឈូក,Krapum Chhuk,21,2105
ឃុំ,210502,ពេជសារ,Pech Sar,21,2105
ឃុំ,210503,ព្រៃខ្លា,Prey Khla,21,2105
ឃុំ,210504,ព្រៃយុថ្កា,Prey Yuthka,21,2105
ឃុំ,210505,រមេញ,Romenh,21,2105
ឃុំ,210506,ធ្លាប្រជុំ,Thlea Prachum,21,2105
ឃុំ,210601,អង្កាញ់,Angkanh,21,2106
ឃុំ,210602,បានកាម,Ban Kam,21,2106
ឃុំ,210603,ចំប៉ា,Champa,21,2106
ឃុំ,210604,ចារ,Char,21,2106
ឃុំ,210605,កំពែង,Kampeaeng,21,2106
ឃុំ,210606,កំពង់រាប,Kampong Reab,21,2106
ឃុំ,210607,ក្ដាញ់,Kdanh,21,2106
ឃុំ,210608,ពោធិ៍រំចាក,Pou Rumchak,21,2106
ឃុំ,210609,ព្រៃកប្បាស,Prey Kabbas,21,2106
ឃុំ,210610,ព្រៃល្វា,Prey Lvea,21,2106
ឃុំ,210611,ព្រៃផ្ដៅ,Prey Phdau,21,2106
ឃុំ,210612,ស្នោ,Snao,21,2106
ឃុំ,210613,តាំងយ៉ាប,Tang Yab,21,2106
ឃុំ,210701,បឹងត្រាញ់ខាងជើង,Boeng Tranh Khang Cheung,21,2107
ឃុំ,210702,បឹងត្រាញ់ខាងត្បូង,Boeng Tranh Khang Tboung,21,2107
ឃុំ,210703,ជើងគួន,Cheung Kuon,21,2107
ឃុំ,210704,ជំរះពេន,Chumreah Pen,21,2107
ឃុំ,210705,ខ្វាវ,Khvav,21,2107
ឃុំ,210706,លំចង់,Lumchang,21,2107
ឃុំ,210707,រវៀង,Rovieng,21,2107
ឃុំ,210708,សំរោង,Samraong,21,2107
ឃុំ,210709,សឹង្ហ,Soengh,21,2107
ឃុំ,210710,ស្លា,Sla,21,2107
ឃុំ,210711,ទ្រា,Trea,21,2107
សង្កាត់,210801,បារាយណ៍,Baray,21,2108
សង្កាត់,210802,រកាក្នុង,Roka Knong,21,2108
សង្កាត់,210803,រកាក្រៅ,Roka Krau,21,2108
ឃុំ,210901,អង្គតាសោម,Angk Ta Saom,21,2109
ឃុំ,210902,ជាងទង,Cheang Tong,21,2109
ឃុំ,210903,គុស,Kus,21,2109
ឃុំ,210904,លាយបូរ,Leay Bour,21,2109
ឃុំ,210905,ញ៉ែងញ៉ង,Nhaeng Nhang,21,2109
ឃុំ,210906,អូរសារាយ,Ou Saray,21,2109
ឃុំ,210907,ត្រពាំងក្រញូង,Trapeang Kranhoung,21,2109
ឃុំ,210908,ឧត្ដមសុរិយា,Otdam Soriya,21,2109
ឃុំ,210909,ពពេល,Popel,21,2109
ឃុំ,210910,សំរោង,Samraong,21,2109
ឃុំ,210911,ស្រែរនោង,Srae Ronoung,21,2109
ឃុំ,210912,តាភេម,Ta Phem,21,2109
ឃុំ,210913,ត្រាំកក់,Tram Kak,21,2109
ឃុំ,210914,ត្រពាំងធំខាងជើង,Trapeang Thum Khang Cheung,21,2109
ឃុំ,210915,ត្រពាំងធំខាងត្បូង,Trapeang Thum Khang Tboung,21,2109
ឃុំ,211001,អង្កាញ់,Angkanh,21,2110
ឃុំ,211002,អង្គខ្នុរ,Angk Khnor,21,2110
ឃុំ,211003,ជីខ្មា,Chi Khma,21,2110
ឃុំ,211004,ខ្វាវ,Khvav,21,2110
ឃុំ,211005,ប្រាំបីមុំ,Prambei Mum,21,2110
ឃុំ,211006,អង្គកែវ,Angk Kaev,21,2110
ឃុំ,211007,ព្រៃស្លឹក,Prey Sloek,21,2110
ឃុំ,211008,រនាម,Roneam,21,2110
ឃុំ,211009,សំបួរ,Sambuor,21,2110
ឃុំ,211010,សន្លុង,Sanlung,21,2110
ឃុំ,211011,ស្មោង,Smaong,21,2110
ឃុំ,211012,ស្រង៉ែ,Srangae,21,2110
ឃុំ,211013,ធ្លក,Thlok,21,2110
ឃុំ,211014,ត្រឡាច,Tralach,21,2110
ឃុំ,220101,អន្លង់វែង,Anlong Veaeng,22,2201
ឃុំ,220103,ត្រពាំងតាវ,Trapeang Tav,22,2201
ឃុំ,220104,ត្រពាំងប្រីយ៍,Trapeang Prei,22,2201
ឃុំ,220105,ថ្លាត,Thlat,22,2201
ឃុំ,220106,លំទង,Lumtong,22,2201
ឃុំ,220201,អំពិល,Ampil,22,2202
ឃុំ,220202,បេង,Beng,22,2202
ឃុំ,220203,គោកខ្ពស់,Kouk Khpos,22,2202
ឃុំ,220204,គោកមន,Kouk Mon,22,2202
ឃុំ,220301,ជើងទៀន,Cheung Tien,22,2203
ឃុំ,220302,ចុងកាល់,Chong Kal,22,2203
ឃុំ,220303,ក្រសាំង,Krasang,22,2203
ឃុំ,220304,ពង្រ,Pongro,22,2203
សង្កាត់,220401,បន្សាយរាក់,Bansay Reak,22,2204
សង្កាត់,220402,បុស្បូវ,Bos Sbov,22,2204
សង្កាត់,220403,កូនក្រៀល,Koun Kriel,22,2204
សង្កាត់,220404,សំរោង,Samraong,22,2204
សង្កាត់,220405,អូរស្មាច់,Ou Smach,22,2204
ឃុំ,220501,បាក់អន្លូង,Bak Anloung,22,2205
ឃុំ,220502,ផ្អាវ,Phav,22,2205
ឃុំ,220503,អូរស្វាយ,Ou Svay,22,2205
ឃុំ,220504,ព្រះប្រឡាយ,Preah Pralay,22,2205
ឃុំ,220505,ទំនប់ដាច់,Tumnob Dach,22,2205
ឃុំ,220506,ត្រពាំងប្រាសាទ,Trapeang Prasat,22,2205
ឃុំ,230101,អង្កោល,Angkaol,23,2301
ឃុំ,230103,ពងទឹក,Pong Tuek,23,2301
សង្កាត់,230201,កែប,Kaeb,23,2302
សង្កាត់,230202,ព្រៃធំ,Prey Thum,23,2302
សង្កាត់,230203,អូរក្រសារ,Ou Krasar,23,2302
សង្កាត់,240101,ប៉ៃលិន,Pailin,24,2401
សង្កាត់,240102,អូរតាវ៉ៅ,Ou Ta Vau,24,2401
សង្កាត់,240103,ទួលល្វា,Tuol Lvea,24,2401
សង្កាត់,240104,បរយ៉ាខា,Bar Yakha,24,2401
ឃុំ,240201,សាលាក្រៅ,Sala Krau,24,2402
ឃុំ,240202,ស្ទឹងត្រង់,Stueng Trang,24,2402
ឃុំ,240203,ស្ទឹងកាច់,Stueng Kach,24,2402
ឃុំ,240204,អូរអណ្ដូង,Ou Andoung,24,2402
ឃុំ,250101,ចុងជាច,Chong Cheach,25,2501
ឃុំ,250102,តំបែរ,Dambae,25,2501
ឃុំ,250103,គោកស្រុក,Kouk Srok,25,2501
ឃុំ,250104,នាងទើត,Neang Teut,25,2501
ឃុំ,250105,សេដា,Seda,25,2501
ឃុំ,250106,ត្រពាំងព្រីង,Trapeang Pring,25,2501
ឃុំ,250107,ទឹកជ្រៅ,Tuek Chrov,25,2501
ឃុំ,250201,ឈូក,Chhuk,25,2502
ឃុំ,250202,ជំនីក,Chumnik,25,2502
ឃុំ,250203,កំពង់ទ្រាស,Kampong Treas,25,2502
ឃុំ,250204,កោះពីរ,Kaoh Pir,25,2502
ឃុំ,250205,ក្រូចឆ្មារ,Krouch Chhmar,25,2502
ឃុំ,250206,ប៉ឺស១,Peus Muoy,25,2502
ឃុំ,250207,ប៉ឺស២,Peus Pir,25,2502
ឃុំ,250208,ព្រែកអាជី,Preaek A chi,25,2502
ឃុំ,250209,រការខ្នុរ,Roka Khnor,25,2502
ឃុំ,250210,ស្វាយឃ្លាំង,Svay Khleang,25,2502
ឃុំ,250211,ទ្រា,Trea,25,2502
ឃុំ,250212,ទួលស្នួល,Tuol Snuol,25,2502
ឃុំ,250301,ចាន់មូល,Chan Mul,25,2503
ឃុំ,250302,ជាំ,Choam,25,2503
ឃុំ,250303,ជាំក្រវៀន,Choam Kravien,25,2503
ឃុំ,250304,ជាំតាម៉ៅ,Choam Ta Mau,25,2503
ឃុំ,250305,ដារ,Dar,25,2503
ឃុំ,250306,កំពាន់,Kampoan,25,2503
ឃុំ,250307,គគីរ,Kokir,25,2503
ឃុំ,250308,មេមង,Memong,25,2503
ឃុំ,250309,មេមត់,Memot,25,2503
ឃុំ,250310,រំចេក,Rumchek,25,2503
ឃុំ,250311,រូង,Rung,25,2503
ឃុំ,250312,ទន្លូង,Tonlung,25,2503
ឃុំ,250313,ត្រមូង,Tramung,25,2503
ឃុំ,250314,ទ្រៀក,Triek,25,2503
ឃុំ,250401,អំពិលតាពក,Ampil Ta Pok,25,2504
ឃុំ,250402,ចក,Chak,25,2504
ឃុំ,250403,ដំរិល,Damril,25,2504
ឃុំ,250404,គងជ័យ,Kong Chey,25,2504
ឃុំ,250405,មៀន,Mien,25,2504
ឃុំ,250406,ព្រះធាតុ,Preah Theat,25,2504
ឃុំ,250407,ទួលសូភី,Tuol Souphi,25,2504
ឃុំ,250501,ដូនតី,Dountei,25,2505
ឃុំ,250502,កក់,Kak,25,2505
ឃុំ,250503,កណ្ដោលជ្រុំ,Kandaol Chrum,25,2505
ឃុំ,250504,កោងកាង,Kaong Kang,25,2505
ឃុំ,250505,ក្រែក,Kraek,25,2505
ឃុំ,250506,ពពេល,Popel,25,2505
ឃុំ,250507,ត្រពាំងផ្លុង,Trapeang Phlong,25,2505
ឃុំ,250508,វាលម្លូរ,Veal Mlu,25,2505
សង្កាត់,250601,សួង,Suong,25,2506
សង្កាត់,250602,វិហារលួង,Vihear Luong,25,2506
ឃុំ,250701,អញ្ចើម,Anhchaeum,25,2507
ឃុំ,250702,បឹងព្រួល,Boeng Pruol,25,2507
ឃុំ,250703,ជីគរ,Chikor,25,2507
ឃុំ,250704,ជីរោទ៍ ទី១,Chirou Ti Muoy,25,2507
ឃុំ,250705,ជីរោទ៍ ទី២,Chirou Ti Pir,25,2507
ឃុំ,250706,ជប់,Chob,25,2507
ឃុំ,250707,គរ,Kor,25,2507
ឃុំ,250708,ល្ងៀង,Lngieng,25,2507
ឃុំ,250709,មង់រៀវ,Mong Riev,25,2507
ឃុំ,250710,ពាមជីលាំង,Peam Chileang,25,2507
ឃុំ,250711,រកាពប្រាំ,Roka Po Pram,25,2507
ឃុំ,250712,ស្រឡប់,Sralab,25,2507
ឃុំ,250713,ថ្មពេជ្រ,Thma Pech,25,2507
ឃុំ,250714,ទន្លេបិទ,Tonle Bet,25,2507
